date,PriceUSD,CapMrktCurUSD,CapMVRVCur,IssTotUSD
2010-07-18,0.09,295959.0,146.038332,738.22
2010-07-19,0.08,279285.0,62.56513,702.96
2010-07-20,0.07,259000.0,45.10663,676.36
2010-07-21,0.08,275266.0,38.35756,819.65
2010-07-22,0.06,203750.0,25.132348,514.53
2010-07-23,0.06,211736.0,23.190988,587.75
2010-07-24,0.05,191100.0,17.071914,515.4
2010-07-25,0.05,177670.0,14.2948,583.74
2010-07-26,0.06,197543.0,12.57111,680.4
2010-07-27,0.06,207279.0,12.410611,486.56
2010-07-28,0.06,208769.0,11.867736,468.34
2010-07-29,0.07,248341.0,13.541212,629.1
2010-07-30,0.06,230303.0,12.032902,588.38
2010-07-31,0.07,241277.0,12.052866,685.59
2010-08-01,0.06,218982.0,10.448923,730.14
2010-08-02,0.06,215766.0,9.976204,726.0
2010-08-03,0.06,216491.0,9.604613,681.14
2010-08-04,0.06,206374.0,8.828838,692.74
2010-08-05,0.06,221460.0,9.19506,664.9
2010-08-06,0.06,224351.0,9.025812,453.28
2010-08-07,0.06,215105.0,8.428757,457.28
2010-08-08,0.06,222623.0,8.477024,605.96
2010-08-09,0.07,258020.0,9.280854,668.8
2010-08-10,0.07,254792.0,8.883873,662.18
2010-08-11,0.07,246979.0,8.337932,780.55
2010-08-12,0.07,258797.0,8.497876,759.5
2010-08-13,0.06,239156.0,7.567628,693.38
2010-08-14,0.07,249354.0,7.651897,941.3
2010-08-15,0.07,243036.0,7.266497,673.97
2010-08-16,0.07,244944.0,7.138375,481.42
2010-08-17,0.07,262224.0,7.509859,451.5
2010-08-18,0.07,255184.0,7.147964,452.2
2010-08-19,0.07,250755.0,6.931684,450.22
2010-08-20,0.07,246876.0,6.694129,632.08
2010-08-21,0.07,250843.0,6.617756,574.36
2010-08-22,0.07,249762.0,6.415687,698.85
2010-08-23,0.06,246593.0,6.224956,691.29
2010-08-24,0.06,247634.0,6.13247,698.75
2010-08-25,0.06,247572.0,6.023861,699.84
2010-08-26,0.06,245475.0,5.87469,672.79
2010-08-27,0.06,249574.0,5.872092,555.75
2010-08-28,0.06,248587.0,5.774976,549.1
2010-08-29,0.06,246797.0,5.662729,518.4
2010-08-30,0.06,251021.0,5.690502,484.03
2010-08-31,0.06,232371.0,5.191598,552.0
2010-09-01,0.06,240700.0,5.318913,486.89
2010-09-02,0.06,246531.0,5.385225,494.52
2010-09-03,0.06,237114.0,5.121796,498.97
2010-09-04,0.06,242853.0,5.182359,562.71
2010-09-05,0.06,241298.0,5.068973,508.61
2010-09-06,0.06,241589.0,5.032073,486.64
2010-09-07,0.06,240664.0,4.948163,489.91
2010-09-08,0.06,240227.0,4.888361,503.25
2010-09-09,0.06,241092.0,4.795458,412.53
2010-09-10,0.06,241224.0,4.746695,539.95
2010-09-11,0.06,252050.0,4.910611,508.97
2010-09-12,0.06,244192.0,4.696999,544.28
2010-09-13,0.06,247424.0,4.706415,531.64
2010-09-14,0.06,247297.0,4.645129,629.2
2010-09-15,0.06,241464.0,4.454289,510.38
2010-09-16,0.06,248139.0,4.476339,677.8
2010-09-17,0.06,241148.0,4.192748,624.01
2010-09-18,0.06,245888.0,4.22048,722.85
2010-09-19,0.06,253396.0,4.295341,655.22
2010-09-20,0.06,251608.0,4.220434,630.33
2010-09-21,0.06,254368.0,4.226022,538.79
2010-09-22,0.06,251788.0,4.141624,538.37
2010-09-23,0.06,253621.0,4.114974,727.2
2010-09-24,0.06,254519.0,4.079547,709.08
2010-09-25,0.06,254425.0,4.032784,641.91
2010-09-26,0.06,254978.0,4.000706,635.5
2010-09-27,0.06,256515.0,3.917512,712.2
2010-09-28,0.06,255948.0,3.703188,656.18
2010-09-29,0.06,256481.0,3.673698,507.66
2010-09-30,0.06,256891.0,3.586975,451.87
2010-10-01,0.06,257673.0,3.572187,477.19
2010-10-02,0.06,255596.0,3.266072,307.0
2010-10-03,0.06,254573.0,3.238079,372.5
2010-10-04,0.06,255999.0,3.234176,468.9
2010-10-05,0.06,256827.0,3.170036,386.82
2010-10-06,0.06,263262.0,3.224213,537.03
2010-10-07,0.07,281360.0,3.40312,536.0
2010-10-08,0.08,355303.0,4.148338,650.29
2010-10-09,0.09,395367.0,4.407666,741.02
2010-10-10,0.1,410336.0,4.4588,864.6
2010-10-11,0.1,402026.0,4.281175,755.25
2010-10-12,0.09,402338.0,4.236029,735.48
2010-10-13,0.1,445511.0,4.550446,922.82
2010-10-14,0.1,434382.0,4.358445,1045.5
2010-10-15,0.1,448088.0,4.343539,929.25
2010-10-16,0.1,432320.0,4.069854,1302.9
2010-10-17,0.1,437978.0,4.062779,1377.0
2010-10-18,0.1,440970.0,4.029949,1274.88
2010-10-19,0.1,421311.0,3.807617,1248.57
2010-10-20,0.1,428903.0,3.818649,1306.8
2010-10-21,0.11,464557.0,4.009199,995.1
2010-10-22,0.1,445808.0,3.820962,789.25
2010-10-23,0.1,455667.0,3.854852,914.87
2010-10-24,0.12,502404.0,4.143842,1178.85
2010-10-25,0.14,609131.0,4.888834,1412.05
2010-10-26,0.15,662973.0,5.145237,1819.55
2010-10-27,0.19,826105.0,6.050584,1999.0
2010-10-28,0.17,763743.0,5.261527,1895.44
2010-10-29,0.19,840427.0,5.633669,2118.5
2010-10-30,0.2,876581.0,5.721246,2489.89
2010-10-31,0.19,855634.0,5.437611,1722.88
2010-11-01,0.19,866356.0,5.414064,1721.55
2010-11-02,0.19,864832.0,5.283115,1705.44
2010-11-03,0.19,863543.0,5.183702,1834.45
2010-11-04,0.23,1027623.0,5.715382,2304.22
2010-11-05,0.26,1164192.0,6.251489,2837.28
2010-11-06,0.4,1805984.0,8.194052,4370.71
2010-11-07,0.34,1535423.0,6.733126,4097.0
2010-11-08,0.24,1101553.0,4.595207,3343.79
2010-11-09,0.22,986538.0,4.062576,2357.41
2010-11-10,0.23,1044612.0,4.258257,2329.93
2010-11-11,0.22,1017704.0,4.103813,2442.95
2010-11-12,0.27,1225701.0,4.886205,2266.29
2010-11-13,0.28,1264425.0,4.932125,3077.4
2010-11-14,0.28,1281896.0,4.887437,3571.71
2010-11-15,0.27,1235997.0,4.512762,2684.65
2010-11-16,0.22,1038105.0,3.760281,2216.25
2010-11-17,0.24,1119248.0,4.006415,2987.95
2010-11-18,0.27,1248159.0,4.397208,3457.39
2010-11-19,0.28,1293074.0,4.483124,2087.18
2010-11-20,0.28,1316675.0,4.49841,1641.49
2010-11-21,0.28,1289461.0,4.369447,1937.25
2010-11-22,0.28,1330223.0,4.460216,2322.75
2010-11-23,0.28,1322636.0,4.385998,1980.65
2010-11-24,0.28,1324932.0,4.336005,2503.72
2010-11-25,0.28,1313858.0,4.231855,2534.0
2010-11-26,0.28,1337263.0,4.231419,2758.68
2010-11-27,0.28,1333227.0,4.175878,2547.0
2010-11-28,0.27,1280718.0,3.979316,2333.68
2010-11-29,0.23,1090569.0,3.372897,2409.35
2010-11-30,0.21,986910.0,3.037156,2102.82
2010-12-01,0.23,1080534.0,3.311132,2138.5
2010-12-02,0.26,1213545.0,3.644575,2397.0
2010-12-03,0.25,1197167.0,3.571347,2372.52
2010-12-04,0.21,979882.0,2.907339,2347.26
2010-12-05,0.2,972027.0,2.864017,2424.06
2010-12-06,0.2,979996.0,2.83307,2458.2
2010-12-07,0.23,1124118.0,3.196763,2789.37
2010-12-08,0.24,1152867.0,3.249069,2841.72
2010-12-09,0.2,967740.0,2.710917,2229.91
2010-12-10,0.2,988635.0,2.761902,1499.4
2010-12-11,0.23,1106940.0,3.070701,1995.0
2010-12-12,0.22,1069269.0,2.949697,1879.75
2010-12-13,0.23,1108574.0,3.031569,1604.62
2010-12-14,0.25,1203638.0,3.269666,2109.2
2010-12-15,0.24,1173348.0,3.152298,2352.0
2010-12-16,0.25,1224204.0,3.264556,2162.15
2010-12-17,0.24,1190445.0,3.15712,2014.04
2010-12-18,0.24,1184262.0,3.119601,1940.05
2010-12-19,0.24,1182048.0,3.097065,2208.92
2010-12-20,0.27,1316604.0,3.399962,2122.65
2010-12-21,0.24,1192911.0,3.012725,2366.07
2010-12-22,0.25,1237188.0,3.107572,1962.5
2010-12-23,0.25,1238852.0,3.095039,1812.28
2010-12-24,0.25,1230923.0,3.058912,1835.2
2010-12-25,0.25,1242453.0,3.067905,2099.16
2010-12-26,0.26,1319260.0,3.236772,1920.98
2010-12-27,0.26,1320577.0,3.218724,2197.72
2010-12-28,0.28,1403820.0,3.39361,2374.45
2010-12-29,0.3,1501215.0,3.555149,2475.0
2010-12-30,0.3,1503750.0,3.530001,2535.0
2010-12-31,0.3,1506180.0,3.512553,2430.0
2011-01-01,0.3,1508895.0,3.494319,2715.0
2011-01-02,0.3,1511369.0,3.463746,2624.74
2011-01-03,0.3,1488629.0,3.386192,2301.0
2011-01-04,0.3,1510669.0,3.417448,2107.6
2011-01-05,0.3,1512800.0,3.399944,2301.66
2011-01-06,0.3,1510264.0,3.37409,2100.9
2011-01-07,0.32,1624384.0,3.596625,2624.0
2011-01-08,0.32,1641850.0,3.603114,2744.65
2011-01-09,0.32,1644991.0,3.58303,2632.45
2011-01-10,0.33,1665919.0,3.567906,2645.38
2011-01-11,0.33,1668728.0,3.474345,2808.67
2011-01-12,0.32,1631585.0,3.376134,2661.98
2011-01-13,0.32,1628430.0,3.315201,2985.44
2011-01-14,0.4,2054489.0,4.107415,3619.91
2011-01-15,0.39,1985661.0,3.934796,3030.1
2011-01-16,0.39,1993090.0,3.890727,3365.07
2011-01-17,0.35,1804102.0,3.484439,3162.98
2011-01-18,0.31,1617845.0,3.110083,2206.58
2011-01-19,0.31,1620490.0,3.072607,2644.77
2011-01-20,0.39,2022832.0,3.787515,3627.0
2011-01-21,0.42,2181621.0,4.033242,3653.22
2011-01-22,0.44,2289813.0,4.175273,3630.29
2011-01-23,0.44,2305877.0,4.114674,3760.4
2011-01-24,0.42,2192550.0,3.853857,3947.06
2011-01-25,0.41,2144054.0,3.739589,3198.0
2011-01-26,0.42,2174382.0,3.282676,3735.77
2011-01-27,0.42,2209784.0,3.298522,3369.6
2011-01-28,0.44,2335453.0,3.449642,3511.42
2011-01-29,0.44,2310172.0,3.359707,3533.95
2011-01-30,0.48,2514610.0,3.624083,3721.71
2011-01-31,0.53,2772014.0,3.889677,4463.66
2011-02-01,0.71,3740500.0,5.023446,5801.58
2011-02-02,0.73,3840996.0,4.955148,5730.94
2011-02-03,0.69,3679570.0,4.686634,5551.19
2011-02-04,0.81,4308179.0,5.360298,7866.3
2011-02-05,0.91,4851369.0,5.790686,8159.46
2011-02-06,0.9,4786564.0,5.591558,7947.3
2011-02-07,0.89,4749866.0,5.252936,9027.63
2011-02-08,0.92,4910198.0,5.354923,7711.2
2011-02-09,1.02,5444404.0,5.696026,9754.08
2011-02-10,0.98,5258483.0,5.381163,9110.77
2011-02-11,1.05,5667731.0,5.620348,9802.85
2011-02-12,1.08,5810759.0,5.663188,10571.29
2011-02-13,1.05,5666535.0,5.42739,10395.0
2011-02-14,1.07,5785023.0,5.318127,10486.12
2011-02-15,1.05,5688638.0,5.158172,11812.5
2011-02-16,1.03,5601393.0,5.013698,11967.58
2011-02-17,1.04,5658118.0,5.000903,12011.11
2011-02-18,0.9,4900658.0,4.277138,9528.93
2011-02-19,0.94,5153969.0,4.461739,7599.43
2011-02-20,0.86,4731074.0,4.04565,8563.5
2011-02-21,0.84,4579186.0,3.886516,8106.75
2011-02-22,0.88,4814696.0,4.03904,9252.79
2011-02-23,0.9,4951665.0,4.111161,10935.0
2011-02-24,0.99,5452091.0,4.460751,10237.14
2011-02-25,0.91,5052035.0,4.097084,10289.84
2011-02-26,0.96,5304686.0,4.201363,13220.4
2011-02-27,0.9,4966942.0,3.857376,10919.4
2011-02-28,0.86,4780205.0,3.662643,6451.66
2011-03-01,0.92,5124477.0,3.455565,5987.13
2011-03-02,0.94,5236982.0,3.496296,7895.16
2011-03-03,0.94,5241109.0,3.472914,8733.38
2011-03-04,0.9,5039131.0,3.312313,9957.16
2011-03-05,0.91,5089400.0,3.307118,12573.59
2011-03-06,0.88,4972192.0,3.207446,12121.36
2011-03-07,0.88,4941060.0,3.173087,9258.51
2011-03-08,0.87,4884341.0,3.114009,8097.77
2011-03-09,0.86,4856979.0,3.083894,6880.0
2011-03-10,0.92,5204687.0,3.286687,5063.69
2011-03-11,0.88,4980492.0,3.132771,5720.0
2011-03-12,0.92,5200939.0,3.231808,6424.71
2011-03-13,0.89,5062650.0,3.125419,5221.07
2011-03-14,0.89,5075795.0,3.099761,5005.98
2011-03-15,0.87,4957550.0,3.009477,4884.54
2011-03-16,0.85,4843820.0,2.905245,5788.24
2011-03-17,0.83,4702872.0,2.803301,5819.21
2011-03-18,0.8,4574014.0,2.721168,4811.76
2011-03-19,0.76,4367614.0,2.591564,4398.75
2011-03-20,0.74,4238525.0,2.508713,5079.27
2011-03-21,0.76,4344003.0,2.560319,5616.38
2011-03-22,0.81,4635912.0,2.717423,4814.33
2011-03-23,0.85,4875084.0,2.843456,6670.22
2011-03-24,0.87,5011747.0,2.884818,6630.05
2011-03-25,0.88,5084859.0,2.911459,7644.61
2011-03-26,0.86,4926380.0,2.792548,5900.88
2011-03-27,0.82,4741008.0,2.676754,5877.3
2011-03-28,0.79,4590461.0,2.58237,6675.82
2011-03-29,0.79,4584036.0,2.569992,6458.96
2011-03-30,0.79,4573979.0,2.556738,6159.71
2011-03-31,0.78,4552346.0,2.534094,7885.33
2011-04-01,0.77,4498237.0,2.494341,6812.17
2011-04-02,0.78,4551065.0,2.516393,7037.91
2011-04-03,0.78,4540479.0,2.501305,6816.25
2011-04-04,0.68,3969500.0,2.170209,6052.0
2011-04-05,0.72,4184793.0,2.278514,6942.21
2011-04-06,0.74,4332404.0,2.352093,5476.0
2011-04-07,0.75,4418738.0,2.391246,5540.43
2011-04-08,0.75,4402629.0,2.373826,6224.92
2011-04-09,0.73,4314844.0,2.319886,5725.67
2011-04-10,0.73,4315874.0,2.313832,6341.81
2011-04-11,0.77,4539706.0,2.423991,6276.43
2011-04-12,0.86,5084736.0,2.696114,7020.26
2011-04-13,0.93,5500703.0,2.891354,9024.1
2011-04-14,1.0,5912587.0,3.073198,7989.04
2011-04-15,0.98,5830723.0,2.993332,6688.98
2011-04-16,1.05,6212970.0,3.156152,9053.37
2011-04-17,1.1,6528501.0,3.273861,9883.1
2011-04-18,1.15,6842059.0,3.374738,8505.81
2011-04-19,1.19,7063863.0,3.424983,9125.75
2011-04-20,1.14,6815580.0,3.28486,8223.31
2011-04-21,1.21,7213608.0,3.439058,8873.94
2011-04-22,1.4,8403997.0,3.904316,12359.64
2011-04-23,1.83,10958849.0,4.860997,15728.13
2011-04-24,1.63,9792395.0,4.275436,13219.07
2011-04-25,1.56,9402390.0,4.061132,15019.04
2011-04-26,1.77,10659842.0,4.514597,17265.7
2011-04-27,1.9,11473867.0,4.767442,17414.06
2011-04-28,2.29,13799039.0,5.535625,18743.1
2011-04-29,2.85,17237609.0,5.279565,28506.05
2011-04-30,3.5,21197575.0,5.743407,33075.0
2011-05-01,3.09,18767728.0,4.967194,27693.34
2011-05-02,3.2,19440800.0,5.054862,31520.0
2011-05-03,3.36,20449332.0,5.133492,32933.74
2011-05-04,3.41,20775521.0,4.843378,33575.43
2011-05-05,3.34,20416355.0,4.676646,36613.92
2011-05-06,3.46,21133834.0,4.636031,37660.32
2011-05-07,3.64,22311657.0,4.807928,38961.51
2011-05-08,3.85,23624666.0,4.923486,42142.92
2011-05-09,3.8,23396482.0,4.775983,45458.87
2011-05-10,5.65,34811443.0,6.284956,51712.75
2011-05-11,5.44,33558096.0,5.773756,51949.62
2011-05-12,6.33,39133713.0,6.236196,53529.72
2011-05-13,8.14,50363127.0,6.816103,84239.01
2011-05-14,7.01,43444561.0,5.711151,84787.65
2011-05-15,6.92,43010362.0,5.388788,76174.17
2011-05-16,7.89,49071596.0,5.649481,97381.49
2011-05-17,7.26,45256985.0,5.059091,93255.01
2011-05-18,6.76,42273491.0,4.610267,97389.55
2011-05-19,6.89,43126098.0,4.626463,58910.73
2011-05-20,5.62,35226025.0,3.713282,61799.06
2011-05-21,6.08,38219241.0,4.072858,66932.81
2011-05-22,6.71,42243038.0,4.350344,84570.65
2011-05-23,7.07,44567640.0,4.487161,101033.17
2011-05-24,7.4,46806653.0,4.599939,110669.78
2011-05-25,8.57,54314728.0,5.191334,131538.6
2011-05-26,8.78,55793912.0,5.179138,129975.9
2011-05-27,8.53,54254634.0,4.749384,71214.3
2011-05-28,8.35,53178165.0,4.610951,64706.84
2011-05-29,8.4,53582961.0,4.591774,75608.58
2011-05-30,8.78,56064003.0,4.710313,67600.94
2011-05-31,8.72,55760527.0,4.602025,65411.82
2011-06-01,9.62,61619121.0,4.977441,90463.51
2011-06-02,10.7,68629309.0,5.327522,101676.22
2011-06-03,14.26,91613267.0,6.429049,144072.93
2011-06-04,18.31,117816836.0,7.743139,205102.67
2011-06-05,16.54,106605298.0,6.575349,172050.76
2011-06-06,18.4,118797508.0,6.02414,214384.45
2011-06-07,23.24,150213132.0,7.221273,197521.97
2011-06-08,29.03,187922292.0,7.387878,268526.77
2011-06-09,28.79,186692282.0,6.614388,319575.04
2011-06-10,24.05,156216480.0,5.135982,268150.8
2011-06-11,14.75,95995038.0,3.17745,185846.81
2011-06-12,18.85,122901058.0,3.607171,219604.19
2011-06-13,19.54,127635837.0,3.61267,221805.44
2011-06-14,19.26,126014918.0,3.308585,237833.03
2011-06-15,19.46,127637088.0,3.135189,271524.79
2011-06-16,17.93,117734055.0,2.838196,161364.26
2011-06-17,15.44,101507246.0,2.426258,143558.23
2011-06-18,16.88,111136351.0,2.629557,166222.73
2011-06-19,17.51,115515572.0,2.690661,195244.49
2011-06-20,17.51,115720447.0,2.670819,204875.39
2011-06-21,17.51,115941958.0,2.638718,221510.57
2011-06-22,17.51,116169597.0,2.627799,227639.32
2011-06-23,17.51,116379726.0,2.615008,210128.6
2011-06-24,17.51,116568842.0,2.597559,189115.74
2011-06-25,17.51,116694043.0,2.589204,125201.63
2011-06-26,16.36,109156329.0,2.404388,121892.0
2011-06-27,16.75,111906107.0,2.418627,141556.82
2011-06-28,16.96,113441602.0,2.422844,135694.68
2011-06-29,16.85,112869145.0,2.391533,144949.29
2011-06-30,16.19,108541609.0,2.279169,154569.26
2011-07-01,15.42,103545387.0,2.175175,133386.09
2011-07-02,15.38,103423475.0,2.171082,129985.03
2011-07-03,15.46,104053274.0,2.176405,127524.79
2011-07-04,13.85,93368543.0,1.957619,117748.77
2011-07-05,12.96,87473625.0,1.827284,90105.48
2011-07-06,14.71,99396156.0,2.068789,115511.05
2011-07-07,14.8,100050391.0,2.075981,96922.24
2011-07-08,14.3,96799480.0,2.005617,117967.06
2011-07-09,14.38,97464868.0,2.016098,107142.18
2011-07-10,14.62,99201277.0,2.038505,100167.12
2011-07-11,14.31,97191714.0,1.991334,112334.72
2011-07-12,14.02,95328529.0,1.948724,98849.97
2011-07-13,13.97,95123251.0,1.938412,133427.39
2011-07-14,14.0,95404595.0,1.939558,100785.42
2011-07-15,13.81,94210666.0,1.910869,111831.76
2011-07-16,13.71,93681587.0,1.896684,107647.67
2011-07-17,13.26,90686308.0,1.832048,112694.15
2011-07-18,13.63,93349306.0,1.942074,115859.43
2011-07-19,13.82,94777955.0,1.96439,98156.04
2011-07-20,13.68,93875751.0,1.962968,101903.56
2011-07-21,13.61,93522652.0,1.952017,103449.74
2011-07-22,13.7,94222033.0,1.963113,103424.03
2011-07-23,13.68,94206156.0,1.958534,99876.54
2011-07-24,13.99,96462301.0,1.999133,116137.88
2011-07-25,14.03,96860105.0,2.001321,115775.76
2011-07-26,13.88,95909693.0,1.976328,122126.68
2011-07-27,13.88,96031764.0,1.972825,120740.56
2011-07-28,13.49,93460973.0,1.91925,104559.83
2011-07-29,13.51,93715346.0,1.919402,110800.99
2011-07-30,13.54,94012200.0,1.919488,102906.13
2011-07-31,13.37,92967106.0,1.89573,117012.93
2011-08-01,13.02,90614985.0,1.846504,107407.69
2011-08-02,12.21,85106410.0,1.733384,94049.0
2011-08-03,9.29,64778840.0,1.333605,72897.9
2011-08-04,10.77,75187308.0,1.544228,69456.85
2011-08-05,9.73,68005505.0,1.400345,68111.08
2011-08-06,6.96,48716108.0,1.017863,42481.44
2011-08-07,8.5,59525731.0,1.243299,53561.3
2011-08-08,7.78,54492287.0,1.155875,52872.3
2011-08-09,9.8,68770905.0,1.4537,71558.25
2011-08-10,10.05,70592463.0,1.489535,76389.52
2011-08-11,9.44,66352987.0,1.401117,64653.13
2011-08-12,9.45,66517405.0,1.403274,61917.11
2011-08-13,10.0,70459847.0,1.483749,65026.16
2011-08-14,10.81,76185385.0,1.600217,71325.02
2011-08-15,11.13,78540421.0,1.645529,71792.99
2011-08-16,10.99,77642298.0,1.622114,80790.95
2011-08-17,10.96,77519063.0,1.615211,74554.96
2011-08-18,10.86,76851375.0,1.598069,78180.99
2011-08-19,11.67,82674798.0,1.714405,76441.6
2011-08-20,11.46,81268979.0,1.681422,87093.96
2011-08-21,11.35,80613411.0,1.665083,90835.85
2011-08-22,10.92,77627366.0,1.600626,92281.57
2011-08-23,10.92,77686024.0,1.600201,84608.65
2011-08-24,10.87,77425826.0,1.592404,72831.98
2011-08-25,9.55,68057443.0,1.388081,64436.13
2011-08-26,8.13,57999391.0,1.181261,59732.86
2011-08-27,8.6,61403063.0,1.322902,52438.64
2011-08-28,9.03,64558051.0,1.388809,52379.03
2011-08-29,8.96,64121561.0,1.376511,61831.99
2011-08-30,8.81,63103901.0,1.353712,64312.63
2011-08-31,8.2,58792428.0,1.26084,63543.43
2011-09-01,8.23,59097439.0,1.267748,53111.12
2011-09-02,8.62,61943210.0,1.326402,67247.11
2011-09-03,8.45,60770330.0,1.299929,61259.99
2011-09-04,8.2,59054734.0,1.262799,54963.25
2011-09-05,7.6,54750557.0,1.171426,59259.19
2011-09-06,6.85,49391552.0,1.058755,51691.3
2011-09-07,7.16,51723092.0,1.10899,48708.2
2011-09-08,6.68,48265544.0,1.037326,43074.26
2011-09-09,4.99,36079581.0,0.777805,38398.18
2011-09-10,4.74,34346273.0,0.741252,31539.93
2011-09-11,5.85,42421555.0,0.951917,36580.65
2011-09-12,6.09,44185081.0,0.992743,40502.69
2011-09-13,5.8,42136183.0,0.948593,41197.92
2011-09-14,5.6,40687738.0,0.916227,40861.26
2011-09-15,4.87,35421681.0,0.798796,37968.49
2011-09-16,4.83,35184189.0,0.794591,28745.45
2011-09-17,4.78,34809206.0,0.786238,31994.41
2011-09-18,5.24,38214268.0,0.862383,41370.18
2011-09-19,5.52,40319175.0,0.910064,35054.39
2011-09-20,6.15,44936428.0,1.013509,43026.66
2011-09-21,5.6,40959340.0,0.923893,40858.59
2011-09-22,5.48,40106922.0,0.905493,40515.36
2011-09-23,5.56,40791284.0,0.920776,36996.75
2011-09-24,5.46,40052723.0,0.903819,35203.39
2011-09-25,5.34,39232652.0,0.88997,36586.91
2011-09-26,4.87,35832613.0,0.813182,32654.63
2011-09-27,4.91,36139737.0,0.820133,32659.2
2011-09-28,4.76,35087555.0,0.796344,35011.1
2011-09-29,4.78,35222350.0,0.799263,29860.38
2011-09-30,5.14,37952172.0,0.860459,31376.48
2011-10-01,5.03,37179380.0,0.843624,35993.6
2011-10-02,5.01,37010204.0,0.840351,30292.73
2011-10-03,5.02,37163276.0,0.843872,36415.63
2011-10-04,4.96,36702419.0,0.833466,27758.11
2011-10-05,4.89,36206652.0,0.822232,35416.74
2011-10-06,4.73,35088847.0,0.796861,30273.06
2011-10-07,4.28,31749565.0,0.722473,29504.65
2011-10-08,3.98,29584492.0,0.67369,23688.46
2011-10-09,4.11,30579460.0,0.696973,26108.88
2011-10-10,4.07,30331779.0,0.692102,25061.02
2011-10-11,4.01,29858870.0,0.682315,18641.5
2011-10-12,4.17,31055535.0,0.710471,24997.41
2011-10-13,4.04,30111640.0,0.689138,19579.36
2011-10-14,3.99,29761174.0,0.681735,27704.65
2011-10-15,3.84,28674896.0,0.657007,25710.17
2011-10-16,3.61,26995634.0,0.61885,21477.96
2011-10-17,2.58,19319212.0,0.445881,15229.36
2011-10-18,2.42,18143928.0,0.419924,14533.65
2011-10-19,2.22,16622980.0,0.386829,14744.74
2011-10-20,2.36,17677641.0,0.411788,13547.71
2011-10-21,2.57,19298566.0,0.449603,15549.06
2011-10-22,3.16,23709692.0,0.552789,15461.88
2011-10-23,3.15,23668569.0,0.551846,16997.86
2011-10-24,2.52,18986481.0,0.44333,16020.64
2011-10-25,2.8,21104090.0,0.492779,18072.41
2011-10-26,2.78,20936418.0,0.490431,16248.41
2011-10-27,3.05,22971054.0,0.537828,15227.04
2011-10-28,3.18,24000236.0,0.561506,16693.11
2011-10-29,3.57,26960761.0,0.630462,20165.92
2011-10-30,3.26,24623692.0,0.575714,18078.59
2011-10-31,3.27,24703243.0,0.577589,21386.39
2011-11-01,3.17,24015151.0,0.561578,23782.56
2011-11-02,3.26,24682387.0,0.57807,25069.66
2011-11-03,3.17,24038967.0,0.562927,19801.98
2011-11-04,3.12,23696205.0,0.55506,22932.87
2011-11-05,2.98,22637220.0,0.530305,21738.07
2011-11-06,2.96,22543785.0,0.52799,21331.59
2011-11-07,3.02,22982488.0,0.538216,19917.2
2011-11-08,3.06,23300822.0,0.546115,22771.42
2011-11-09,2.92,22279947.0,0.538112,23502.52
2011-11-10,2.86,21820348.0,0.527012,20139.75
2011-11-11,3.07,23451502.0,0.566601,18253.78
2011-11-12,3.03,23149487.0,0.55904,21632.49
2011-11-13,2.99,22871439.0,0.552194,21501.89
2011-11-14,2.22,17050349.0,0.412582,15903.2
2011-11-15,2.32,17821976.0,0.431372,19159.67
2011-11-16,2.55,19561188.0,0.504192,17190.77
2011-11-17,2.28,17521005.0,0.4538,15839.72
2011-11-18,2.11,16197115.0,0.423417,13998.69
2011-11-19,2.2,16967718.0,0.443185,13551.26
2011-11-20,2.2,16972164.0,0.443696,15744.22
2011-11-21,2.28,17585962.0,0.459485,13451.29
2011-11-22,2.32,17930658.0,0.468575,16257.21
2011-11-23,2.33,18006993.0,0.470724,15613.17
2011-11-24,2.44,18859607.0,0.492145,13779.67
2011-11-25,2.5,19319412.0,0.503835,16849.09
2011-11-26,2.47,19145697.0,0.501161,14830.8
2011-11-27,2.48,19204473.0,0.502654,14122.12
2011-11-28,2.54,19714179.0,0.521298,16136.88
2011-11-29,2.76,21412426.0,0.563972,19028.12
2011-11-30,2.97,23054151.0,0.604685,24024.94
2011-12-01,3.08,23988095.0,0.627811,28051.56
2011-12-02,3.1,24149344.0,0.631537,22632.94
2011-12-03,2.8,21860825.0,0.573972,21309.31
2011-12-04,2.82,22003482.0,0.577353,19173.92
2011-12-05,2.87,22456183.0,0.589008,22710.89
2011-12-06,3.03,23658167.0,0.619118,25866.83
2011-12-07,2.99,23367080.0,0.614744,20599.97
2011-12-08,2.99,23441533.0,0.616053,24533.42
2011-12-09,2.96,23180503.0,0.609149,21725.07
2011-12-10,3.07,24090228.0,0.632354,22096.62
2011-12-11,3.25,25530155.0,0.668264,24694.44
2011-12-12,3.19,25063771.0,0.655475,20239.58
2011-12-13,3.24,25507852.0,0.666605,21391.18
2011-12-14,3.16,24855140.0,0.650146,24136.41
2011-12-15,3.2,25251622.0,0.660044,17937.58
2011-12-16,3.21,25317851.0,0.661343,18933.91
2011-12-17,3.19,25210863.0,0.658252,23944.06
2011-12-18,3.19,25245461.0,0.658858,22996.88
2011-12-19,3.53,27895747.0,0.726013,28029.9
2011-12-20,3.95,31298867.0,0.811108,26482.09
2011-12-21,3.89,30824549.0,0.797396,28973.0
2011-12-22,3.9,30964930.0,0.799565,28882.65
2011-12-23,3.94,31269805.0,0.80607,27959.55
2011-12-24,3.94,31309912.0,0.806597,28560.79
2011-12-25,4.23,33686973.0,0.866937,36834.64
2011-12-26,4.0,31854606.0,0.818694,35392.23
2011-12-27,4.1,32652136.0,0.837934,29692.51
2011-12-28,4.21,33575904.0,0.860072,32606.54
2011-12-29,4.17,33333816.0,0.853088,28796.13
2011-12-30,4.31,34460941.0,0.880409,30605.51
2011-12-31,4.71,37723644.0,0.961109,35593.01
2012-01-01,5.29,42409573.0,1.076237,40505.55
2012-01-02,5.2,41728287.0,1.0593,39296.83
2012-01-03,4.87,39086320.0,0.990647,38720.55
2012-01-04,5.59,44867465.0,1.131121,41613.51
2012-01-05,6.87,55266280.0,1.375249,50523.91
2012-01-06,6.68,53790340.0,1.329918,57142.36
2012-01-07,6.8,54761626.0,1.34825,62525.3
2012-01-08,7.1,57240164.0,1.401902,57837.7
2012-01-09,6.29,50773659.0,1.238591,51566.01
2012-01-10,6.53,52756929.0,1.285288,46025.75
2012-01-11,6.89,55724087.0,1.351968,52701.83
2012-01-12,6.77,54841824.0,1.322306,52495.12
2012-01-13,6.45,52302656.0,1.258387,45180.58
2012-01-14,6.76,54844031.0,1.315166,50712.95
2012-01-15,7.05,57206213.0,1.368491,48976.11
2012-01-16,6.72,54575393.0,1.302134,58761.57
2012-01-17,5.6,45550125.0,1.088413,43957.03
2012-01-18,5.9,48033193.0,1.147304,37761.48
2012-01-19,6.32,51462901.0,1.223987,47367.8
2012-01-20,6.5,53023890.0,1.258833,47135.82
2012-01-21,6.18,50457227.0,1.196497,50680.66
2012-01-22,6.3,51499332.0,1.219588,42860.18
2012-01-23,6.37,52141059.0,1.232439,54186.45
2012-01-24,6.27,51363477.0,1.212295,43607.61
2012-01-25,5.81,47608030.0,1.123694,42997.44
2012-01-26,5.37,44013389.0,1.040932,37033.87
2012-01-27,5.3,43525208.0,1.030273,37387.12
2012-01-28,5.66,46493492.0,1.099584,41033.53
2012-01-29,5.39,44333950.0,1.04861,45018.44
2012-01-30,5.5,45302690.0,1.070878,47329.94
2012-01-31,5.54,45630180.0,1.078786,41536.65
2012-02-01,6.08,50097529.0,1.180861,42830.39
2012-02-02,6.1,50346735.0,1.184571,48491.6
2012-02-03,5.95,49172452.0,1.155607,47017.73
2012-02-04,5.9,48754423.0,1.144662,46278.99
2012-02-05,5.68,46997711.0,1.10288,40314.62
2012-02-06,5.48,45419983.0,1.066879,40023.45
2012-02-07,5.66,46944669.0,1.101749,38784.89
2012-02-08,5.62,46624742.0,1.09353,40734.33
2012-02-09,5.84,48469227.0,1.135392,42308.82
2012-02-10,5.94,49358488.0,1.155518,40971.06
2012-02-11,5.61,46693173.0,1.090131,42091.0
2012-02-12,5.52,45962713.0,1.072307,43600.87
2012-02-13,5.35,44577415.0,1.048225,36636.23
2012-02-14,4.48,37401255.0,0.886283,30937.21
2012-02-15,4.33,36111133.0,0.858819,28980.99
2012-02-16,4.26,35553758.0,0.847312,29361.15
2012-02-17,4.39,36725954.0,0.875487,33375.69
2012-02-18,4.27,35746731.0,0.854181,36509.19
2012-02-19,4.39,36781546.0,0.878966,34677.46
2012-02-20,4.37,36607516.0,0.874886,30555.95
2012-02-21,4.32,36215861.0,0.865958,27832.5
2012-02-22,4.42,37125479.0,0.887714,35133.52
2012-02-23,5.04,42377486.0,1.010311,41827.98
2012-02-24,5.03,42297988.0,1.006963,37440.79
2012-02-25,4.77,40207641.0,0.956251,39373.68
2012-02-26,4.93,41540765.0,0.987122,36948.16
2012-02-27,4.95,41798938.0,0.992065,38134.37
2012-02-28,4.86,41033824.0,0.972771,38858.06
2012-02-29,4.87,41208302.0,0.983034,43611.1
2012-03-01,4.92,41662586.0,0.992678,37161.64
2012-03-02,4.71,39939933.0,0.952731,31589.32
2012-03-03,4.63,39232224.0,0.935704,26149.29
2012-03-04,4.83,41011143.0,0.97707,33113.89
2012-03-05,4.98,42304952.0,1.00656,36122.35
2012-03-06,4.99,42385381.0,1.007303,34166.71
2012-03-07,4.95,42094384.0,0.999241,38108.17
2012-03-08,4.93,42012666.0,0.996648,38492.84
2012-03-09,4.87,41519970.0,0.984218,40927.3
2012-03-10,4.84,41296814.0,0.97883,39941.75
2012-03-11,4.89,41761245.0,0.989479,32776.59
2012-03-12,4.91,41962584.0,0.993476,40759.97
2012-03-13,5.29,45252319.0,1.068816,42327.04
2012-03-14,5.39,46141651.0,1.087189,36925.22
2012-03-15,5.34,45748352.0,1.076167,32311.97
2012-03-16,5.34,45778526.0,1.074719,40847.75
2012-03-17,5.24,44935070.0,1.054595,44506.03
2012-03-18,5.27,45270265.0,1.061548,42161.19
2012-03-19,4.68,40222971.0,0.944595,33452.51
2012-03-20,4.83,41569730.0,0.975837,38646.64
2012-03-21,4.82,41490751.0,0.97522,38056.11
2012-03-22,4.73,40773436.0,0.958695,37363.91
2012-03-23,4.69,40475699.0,0.951074,29557.35
2012-03-24,4.65,40176369.0,0.944285,42798.27
2012-03-25,4.55,39350918.0,0.925145,35735.32
2012-03-26,4.63,40081343.0,0.942077,34977.05
2012-03-27,4.81,41664240.0,0.978362,37528.46
2012-03-28,4.79,41520471.0,0.974149,35929.42
2012-03-29,4.79,41584406.0,0.975477,33798.17
2012-03-30,4.86,42205980.0,1.003808,37432.85
2012-03-31,4.89,42493825.0,1.009474,41563.1
2012-04-01,4.79,41689664.0,0.989827,34032.61
2012-04-02,4.98,43368642.0,1.028547,28901.66
2012-04-03,4.96,43168248.0,1.02617,32958.95
2012-04-04,4.92,42867553.0,1.01819,33687.22
2012-04-05,4.92,42922552.0,1.01855,28786.97
2012-04-06,4.95,43202691.0,1.023832,33653.93
2012-04-07,4.71,41143291.0,0.974909,30377.64
2012-04-08,4.78,41782840.0,0.989329,35841.14
2012-04-09,4.85,42462897.0,1.003656,35423.6
2012-04-10,4.84,42401088.0,1.001599,35584.42
2012-04-11,4.92,43082371.0,1.016419,34652.52
2012-04-12,4.9,42989971.0,1.012834,31122.35
2012-04-13,4.93,43311954.0,1.019325,30346.6
2012-04-14,4.96,43539137.0,1.023523,34446.73
2012-04-15,4.96,43611675.0,1.023999,26544.56
2012-04-16,4.95,43553561.0,1.021281,37130.73
2012-04-17,4.97,43745275.0,1.024774,33539.03
2012-04-18,5.12,45148790.0,1.055773,33308.45
2012-04-19,5.13,45246593.0,1.056342,40277.62
2012-04-20,5.37,47365623.0,1.102532,41322.17
2012-04-21,5.28,46665206.0,1.085133,40675.64
2012-04-22,5.2,45933550.0,1.066456,36369.26
2012-04-23,5.11,45219045.0,1.050381,34498.5
2012-04-24,5.09,45050471.0,1.045628,35106.28
2012-04-25,5.15,45622839.0,1.052746,32694.98
2012-04-26,5.1,45206923.0,1.04365,39505.0
2012-04-27,5.1,45227734.0,1.043323,34397.24
2012-04-28,4.97,44154757.0,1.018264,37777.6
2012-04-29,4.9,43593436.0,1.006643,43878.33
2012-04-30,4.94,43988993.0,1.015486,44231.95
2012-05-01,4.99,44432103.0,1.024699,42390.67
2012-05-02,5.05,45060694.0,1.038169,37900.78
2012-05-03,5.12,45684356.0,1.05123,40183.15
2012-05-04,5.09,45427514.0,1.044342,40938.33
2012-05-05,5.06,45211871.0,1.038401,42222.94
2012-05-06,5.05,45174235.0,1.039097,41391.97
2012-05-07,5.07,45394103.0,1.043157,43074.22
2012-05-08,5.02,45043365.0,1.034375,44206.5
2012-05-09,5.04,45245171.0,1.037879,41842.84
2012-05-10,4.93,44255453.0,1.014817,31782.3
2012-05-11,4.96,44616259.0,1.022765,35490.53
2012-05-12,4.95,44493515.0,1.01651,31657.81
2012-05-13,4.94,44512503.0,1.017236,34613.57
2012-05-14,5.01,45147226.0,1.031328,34829.48
2012-05-15,5.03,45379981.0,1.035907,32718.66
2012-05-16,5.09,45898890.0,1.047824,30781.1
2012-05-17,5.09,45945345.0,1.049546,29520.04
2012-05-18,5.12,46240989.0,1.057222,37107.69
2012-05-19,5.11,46227078.0,1.055988,38088.47
2012-05-20,5.09,46096356.0,1.056303,35149.99
2012-05-21,5.09,46128634.0,1.059274,32093.59
2012-05-22,5.09,46111877.0,1.058705,29262.55
2012-05-23,5.13,46505109.0,1.066558,33337.58
2012-05-24,5.12,46449140.0,1.067483,31994.74
2012-05-25,5.14,46644626.0,1.071069,31080.52
2012-05-26,5.1,46378530.0,1.067186,36238.25
2012-05-27,5.13,46697744.0,1.07321,40820.2
2012-05-28,5.14,46749757.0,1.073537,36467.91
2012-05-29,5.15,46892736.0,1.076016,32435.37
2012-05-30,5.14,46833433.0,1.07393,33655.63
2012-05-31,5.18,47264536.0,1.088,35753.31
2012-06-01,5.27,48082668.0,1.105029,40028.77
2012-06-02,5.24,47911866.0,1.09983,41949.11
2012-06-03,5.21,47669094.0,1.093274,39877.19
2012-06-04,5.26,48131066.0,1.102554,40755.44
2012-06-05,5.43,49701696.0,1.136244,39881.21
2012-06-06,5.45,49927978.0,1.139519,41663.2
2012-06-07,5.59,51259435.0,1.167341,38830.83
2012-06-08,5.62,51623477.0,1.173281,39638.83
2012-06-09,5.56,51069353.0,1.159065,47512.37
2012-06-10,5.46,50203835.0,1.138271,45300.52
2012-06-11,5.59,51430488.0,1.163582,39108.98
2012-06-12,5.73,52768467.0,1.190767,44674.43
2012-06-13,5.91,54487837.0,1.226316,44319.76
2012-06-14,5.96,55020473.0,1.236323,46503.78
2012-06-15,6.52,60252816.0,1.34545,51860.88
2012-06-16,6.44,59571347.0,1.326507,50264.43
2012-06-17,6.2,57364819.0,1.274816,50839.73
2012-06-18,6.31,58445933.0,1.296242,55219.89
2012-06-19,6.49,60197563.0,1.332073,47736.98
2012-06-20,6.69,62087976.0,1.371487,48528.25
2012-06-21,6.67,61935879.0,1.365073,45371.39
2012-06-22,6.56,60974000.0,1.340806,45289.96
2012-06-23,6.45,59947245.0,1.315907,52869.84
2012-06-24,6.35,59086522.0,1.295956,41595.74
2012-06-25,6.32,58827937.0,1.289155,48644.55
2012-06-26,6.43,59950340.0,1.310463,47924.81
2012-06-27,6.62,61708333.0,1.345422,53918.06
2012-06-28,6.59,61514235.0,1.338925,45141.94
2012-06-29,6.66,62204230.0,1.351447,48609.07
2012-06-30,6.68,62450576.0,1.354786,44090.82
2012-07-01,6.63,61996862.0,1.343195,47050.71
2012-07-02,6.74,63139119.0,1.364645,51250.43
2012-07-03,6.45,60442816.0,1.305787,51599.94
2012-07-04,6.51,61099319.0,1.317433,48861.26
2012-07-05,6.64,62343495.0,1.341895,47825.27
2012-07-06,6.67,62674735.0,1.346473,51709.4
2012-07-07,6.81,64009621.0,1.374656,56508.67
2012-07-08,6.8,63949205.0,1.370331,51991.83
2012-07-09,7.03,66227871.0,1.414886,57314.03
2012-07-10,7.18,67658405.0,1.457149,53839.35
2012-07-11,7.19,67768447.0,1.455091,48140.49
2012-07-12,7.56,71322291.0,1.52548,56669.52
2012-07-13,7.63,72092290.0,1.534942,62192.01
2012-07-14,7.58,71673458.0,1.534953,61020.04
2012-07-15,7.63,72172253.0,1.542527,53390.64
2012-07-16,8.49,80432043.0,1.703674,63700.54
2012-07-17,8.75,82956040.0,1.733522,75267.07
2012-07-18,9.1,86279637.0,1.790666,70487.74
2012-07-19,8.88,84293767.0,1.739949,59936.85
2012-07-20,8.53,81062037.0,1.67044,63140.14
2012-07-21,8.88,84385115.0,1.730687,62573.3
2012-07-22,8.51,80941985.0,1.657225,65925.86
2012-07-23,8.53,81236669.0,1.659672,60145.04
2012-07-24,8.57,81718713.0,1.664853,69025.41
2012-07-25,8.77,83645017.0,1.698111,70154.78
2012-07-26,8.88,84735066.0,1.711501,75000.21
2012-07-27,8.89,84964035.0,1.710181,79133.99
2012-07-28,8.84,84564417.0,1.697157,67645.59
2012-07-29,8.75,83729651.0,1.675035,72605.75
2012-07-30,9.09,87070079.0,1.735078,79977.19
2012-07-31,9.32,89359853.0,1.770247,60586.49
2012-08-01,9.57,91792149.0,1.809311,64105.74
2012-08-02,10.55,101309924.0,1.971936,87046.08
2012-08-03,10.92,104901352.0,2.026027,88418.5
2012-08-04,10.92,105023526.0,2.015837,85173.78
2012-08-05,10.81,103996446.0,1.985577,75095.57
2012-08-06,10.87,104691684.0,1.989236,76086.13
2012-08-07,10.94,105473278.0,1.996776,89718.49
2012-08-08,11.07,106809796.0,2.007903,91884.25
2012-08-09,11.1,107225784.0,2.006714,94381.66
2012-08-10,11.45,110635487.0,2.060268,89291.04
2012-08-11,11.54,111650254.0,2.070394,96957.3
2012-08-12,11.59,112226225.0,2.07379,92160.79
2012-08-13,11.98,116120989.0,2.131144,95879.7
2012-08-14,12.19,118175116.0,2.154473,95668.72
2012-08-15,13.17,127816787.0,2.30814,109970.15
2012-08-16,13.45,130644707.0,2.335728,103571.09
2012-08-17,12.08,117384751.0,2.085872,83331.34
2012-08-18,11.58,112617191.0,1.975449,87410.18
2012-08-19,7.83,76241597.0,1.366867,71258.66
2012-08-20,9.98,97254298.0,1.718661,86824.93
2012-08-21,9.9,96590617.0,1.704252,85660.79
2012-08-22,9.77,95394694.0,1.679338,76225.93
2012-08-23,10.09,98563560.0,1.729843,83231.42
2012-08-24,10.59,103579438.0,1.807941,78395.92
2012-08-25,10.58,103551116.0,1.80118,73027.37
2012-08-26,10.55,103272278.0,1.791783,94382.5
2012-08-27,10.9,106826341.0,1.831895,79027.76
2012-08-28,10.93,107228162.0,1.830409,82543.84
2012-08-29,10.87,106680232.0,1.816971,91289.38
2012-08-30,10.73,105388225.0,1.792738,82603.67
2012-08-31,10.1,99315680.0,1.675052,70716.87
2012-09-01,10.01,98453677.0,1.660904,80552.59
2012-09-02,10.23,100697998.0,1.695217,83854.15
2012-09-03,10.5,103449154.0,1.737167,82402.5
2012-09-04,10.36,102216420.0,1.712094,79284.61
2012-09-05,11.03,108839993.0,1.812692,99229.71
2012-09-06,11.16,110270519.0,1.829652,95424.58
2012-09-07,11.08,109527233.0,1.813549,93039.43
2012-09-08,11.04,109282433.0,1.80524,80063.71
2012-09-09,11.06,109556671.0,1.803473,87943.66
2012-09-10,11.13,110265964.0,1.786321,83439.67
2012-09-11,11.27,111763031.0,1.805604,81693.67
2012-09-12,11.32,112318809.0,1.808949,87693.47
2012-09-13,11.38,113038123.0,1.816134,73971.95
2012-09-14,11.73,116607709.0,1.866137,95013.87
2012-09-15,11.72,116575632.0,1.858331,84372.43
2012-09-16,11.89,118347752.0,1.878857,95689.64
2012-09-17,11.91,118660902.0,1.876999,100029.86
2012-09-18,12.26,122264149.0,1.924019,102368.08
2012-09-19,12.5,124797693.0,1.95134,88159.22
2012-09-20,12.37,123517671.0,1.918102,93990.54
2012-09-21,12.33,123287120.0,1.906247,104219.41
2012-09-22,12.21,122184177.0,1.883911,95877.76
2012-09-23,12.17,121797453.0,1.873736,96107.16
2012-09-24,12.11,121370769.0,1.861876,92668.95
2012-09-25,12.18,122144938.0,1.867514,84667.72
2012-09-26,12.32,123608911.0,1.883322,86238.72
2012-09-27,12.32,123697387.0,1.877909,99165.95
2012-09-28,12.38,124424856.0,1.879203,97813.51
2012-09-29,12.4,124763145.0,1.877782,104199.91
2012-09-30,12.39,124729611.0,1.872298,98513.4
2012-10-01,12.39,124788342.0,1.868883,81150.54
2012-10-02,12.81,129090428.0,1.923209,93492.84
2012-10-03,12.96,130670286.0,1.936932,86153.61
2012-10-04,12.86,129816072.0,1.917436,84248.63
2012-10-05,12.75,128790912.0,1.899017,86715.09
2012-10-06,12.51,126392347.0,1.861188,96914.76
2012-10-07,11.87,120087551.0,1.768717,74212.48
2012-10-08,11.73,118769339.0,1.744932,104426.63
2012-10-09,11.83,119818328.0,1.75951,83983.51
2012-10-10,12.11,122750117.0,1.798467,90213.45
2012-10-11,12.07,122411314.0,1.790783,83266.11
2012-10-12,12.03,122100408.0,1.783383,89609.11
2012-10-13,11.93,121160703.0,1.767786,88258.35
2012-10-14,11.65,118428591.0,1.726248,73981.17
2012-10-15,11.91,121149068.0,1.761793,100625.22
2012-10-16,11.85,120627515.0,1.750796,91822.14
2012-10-17,11.92,121438779.0,1.756161,84627.66
2012-10-18,11.93,121599077.0,1.754738,93618.57
2012-10-19,11.76,119960922.0,1.729018,79363.03
2012-10-20,11.69,119409418.0,1.719324,92385.58
2012-10-21,11.66,119125804.0,1.708783,93842.16
2012-10-22,11.74,120072951.0,1.719741,92167.46
2012-10-23,11.71,119808540.0,1.713726,76100.58
2012-10-24,11.63,119151358.0,1.700976,94238.25
2012-10-25,10.75,110208467.0,1.574452,76888.45
2012-10-26,10.13,103907130.0,1.48688,83577.61
2012-10-27,10.46,107358406.0,1.536141,91509.13
2012-10-28,10.71,110031901.0,1.57243,88892.69
2012-10-29,10.63,109301962.0,1.560404,83982.84
2012-10-30,10.86,111729837.0,1.592854,77644.16
2012-10-31,11.15,114760401.0,1.631496,80251.72
2012-11-01,10.61,109350091.0,1.555867,72702.72
2012-11-02,10.53,108569913.0,1.545311,75293.1
2012-11-03,10.65,109887378.0,1.562384,77750.45
2012-11-04,10.8,111479867.0,1.581093,84755.53
2012-11-05,10.74,110986941.0,1.572258,85926.57
2012-11-06,10.87,112376510.0,1.58972,73360.33
2012-11-07,10.95,113350715.0,1.600102,85989.68
2012-11-08,10.89,112799239.0,1.590208,83873.79
2012-11-09,10.82,112085805.0,1.578443,82200.59
2012-11-10,10.86,112655161.0,1.584578,78215.48
2012-11-11,10.84,112512719.0,1.580256,79687.53
2012-11-12,11.03,114552107.0,1.604893,72806.86
2012-11-13,11.0,114282886.0,1.59806,76986.02
2012-11-14,10.96,113955461.0,1.591287,78356.51
2012-11-15,11.18,116279141.0,1.620055,75990.75
2012-11-16,11.71,121878076.0,1.689717,84861.58
2012-11-17,11.75,122428861.0,1.693444,82250.3
2012-11-18,11.67,121634501.0,1.678676,85159.11
2012-11-19,11.75,122605493.0,1.688035,85778.86
2012-11-20,11.7,122155599.0,1.67898,85988.9
2012-11-21,11.73,122557616.0,1.680835,89141.43
2012-11-22,12.29,128527465.0,1.756272,88502.39
2012-11-23,12.28,128505104.0,1.749982,100084.34
2012-11-24,12.41,129989710.0,1.766021,93719.69
2012-11-25,12.53,131300996.0,1.778068,91466.73
2012-11-26,12.18,127780662.0,1.725782,95649.32
2012-11-27,12.16,127604785.0,1.720256,89978.64
2012-11-28,12.33,129500185.0,1.741273,86321.62
2012-11-29,12.5,131295309.0,1.761921,51865.3
2012-11-30,12.59,132264146.0,1.770415,39331.68
2012-12-01,12.59,132382377.0,1.769383,52573.22
2012-12-02,12.5,131434198.0,1.75501,44680.15
2012-12-03,12.66,133152968.0,1.773997,46514.32
2012-12-04,13.37,140687388.0,1.857743,37434.85
2012-12-05,13.31,140129875.0,1.842946,40603.89
2012-12-06,13.48,141914660.0,1.86122,46161.89
2012-12-07,13.48,141951363.0,1.854399,43464.24
2012-12-08,13.5,142237050.0,1.855139,46574.95
2012-12-09,13.35,140662081.0,1.830878,42041.51
2012-12-10,13.49,142246364.0,1.847122,48234.82
2012-12-11,13.62,143593823.0,1.859599,49015.5
2012-12-12,13.67,144195074.0,1.861125,44421.69
2012-12-13,13.76,145158343.0,1.865159,45048.45
2012-12-14,13.6,143565758.0,1.841738,36042.44
2012-12-15,13.53,142866381.0,1.831247,39239.75
2012-12-16,13.33,140811878.0,1.803263,36998.69
2012-12-17,13.32,140721431.0,1.801084,44622.24
2012-12-18,13.27,140255402.0,1.792597,41475.11
2012-12-19,13.54,143119865.0,1.824128,48061.83
2012-12-20,13.57,143488651.0,1.825055,35960.57
2012-12-21,13.43,142039402.0,1.803849,42301.25
2012-12-22,13.43,142072208.0,1.802848,51359.09
2012-12-23,13.32,140958364.0,1.787841,40620.22
2012-12-24,13.43,142151635.0,1.801523,44307.99
2012-12-25,13.37,141546232.0,1.792747,41433.26
2012-12-26,13.45,142541973.0,1.803242,51800.59
2012-12-27,13.4,142007355.0,1.794848,52257.28
2012-12-28,13.46,142659861.0,1.80018,56849.52
2012-12-29,13.37,141843881.0,1.788959,48146.41
2012-12-30,13.45,142652805.0,1.796826,55796.81
2012-12-31,13.55,143773034.0,1.804287,53504.93
2013-01-01,13.33,141553700.0,1.775333,53992.05
2013-01-02,13.28,141065476.0,1.768275,50798.32
2013-01-03,13.38,142218777.0,1.780377,54205.53
2013-01-04,13.45,142988970.0,1.786704,51452.83
2013-01-05,13.46,143118111.0,1.786414,47444.41
2013-01-06,13.5,143646518.0,1.791123,48953.8
2013-01-07,13.56,144251949.0,1.796091,56935.46
2013-01-08,13.78,146684459.0,1.82065,45819.67
2013-01-09,13.82,147161591.0,1.823785,44918.1
2013-01-10,14.12,150431421.0,1.857309,51902.66
2013-01-11,14.23,151585556.0,1.866761,41615.79
2013-01-12,14.21,151486829.0,1.862997,43353.57
2013-01-13,14.16,150963772.0,1.853339,47084.62
2013-01-14,14.32,152695639.0,1.870687,56198.03
2013-01-15,14.31,152692733.0,1.866254,43298.75
2013-01-16,14.71,156945832.0,1.911416,48168.09
2013-01-17,15.6,166494616.0,2.012127,43286.11
2013-01-18,15.72,167793021.0,2.018899,47540.27
2013-01-19,15.59,166489995.0,1.998599,60014.29
2013-01-20,15.72,167945212.0,2.01175,51088.67
2013-01-21,16.78,179340683.0,2.130159,55377.36
2013-01-22,17.3,184951279.0,2.17035,62280.64
2013-01-23,17.54,187531843.0,2.185591,55239.65
2013-01-24,16.9,180803845.0,2.099535,65914.24
2013-01-25,17.41,186277774.0,2.152235,59619.67
2013-01-26,17.55,187913178.0,2.160871,68459.15
2013-01-27,17.86,191309887.0,2.1808,67438.97
2013-01-28,18.79,201334312.0,2.275266,69068.92
2013-01-29,19.51,209129237.0,2.32417,77083.12
2013-01-30,19.74,211591643.0,2.325575,75495.73
2013-01-31,20.51,219990240.0,2.382546,98968.68
2013-02-01,20.44,219330149.0,2.330776,75128.36
2013-02-02,19.64,210745061.0,2.23507,75107.32
2013-02-03,20.58,220962040.0,2.328912,95692.07
2013-02-04,20.44,219559250.0,2.30317,83806.0
2013-02-05,20.66,221996328.0,2.314943,86252.76
2013-02-06,21.21,227975427.0,2.361378,77411.26
2013-02-07,22.12,237833763.0,2.443201,85153.4
2013-02-08,22.79,245120036.0,2.489516,86022.3
2013-02-09,23.73,255386181.0,2.570293,84848.55
2013-02-10,23.9,257273227.0,2.575733,96198.66
2013-02-11,24.5,263796795.0,2.619566,97376.66
2013-02-12,24.98,269078969.0,2.646956,86804.58
2013-02-13,24.64,265542492.0,2.586433,105343.06
2013-02-14,27.28,294102521.0,2.817319,102991.02
2013-02-15,27.17,293026239.0,2.763885,121591.43
2013-02-16,27.35,295041583.0,2.755414,129210.62
2013-02-17,26.93,290648438.0,2.693418,126558.08
2013-02-18,26.93,290774273.0,2.67528,108388.69
2013-02-19,29.41,317721259.0,2.879054,116919.16
2013-02-20,29.82,322252662.0,2.886254,143880.57
2013-02-21,29.82,322365076.0,2.864469,131199.5
2013-02-22,30.47,329571374.0,2.895106,129508.79
2013-02-23,29.81,322488396.0,2.815136,122206.46
2013-02-24,29.88,323431477.0,2.788724,116543.11
2013-02-25,30.35,328664405.0,2.775525,154795.37
2013-02-26,31.16,337494378.0,2.820585,129295.48
2013-02-27,31.24,338562887.0,2.815504,150734.26
2013-02-28,33.38,361841247.0,2.932421,140176.23
2013-03-01,34.61,375318348.0,2.999167,131503.78
2013-03-02,34.14,370423510.0,2.942383,123770.25
2013-03-03,34.45,373906111.0,2.953518,138668.26
2013-03-04,36.38,394955839.0,3.079904,162783.79
2013-03-05,40.67,441748539.0,3.340593,141338.52
2013-03-06,43.28,470285632.0,3.410731,167729.36
2013-03-07,41.95,455921062.0,3.244612,167789.76
2013-03-08,43.9,477350611.0,3.353346,175611.72
2013-03-09,46.89,510011368.0,3.508575,198104.28
2013-03-10,46.07,501275190.0,3.414425,210752.13
2013-03-11,48.28,525511108.0,3.526696,197927.81
2013-03-12,44.41,483625304.0,3.217752,149895.72
2013-03-13,47.02,512150414.0,3.354482,184538.55
2013-03-14,46.93,511373186.0,3.310806,209991.89
2013-03-15,46.9,511323730.0,3.27321,201680.82
2013-03-16,47.16,514304543.0,3.266435,206311.94
2013-03-17,47.33,516476634.0,3.255078,247317.54
2013-03-18,51.37,560714853.0,3.469572,243985.82
2013-03-19,59.5,649750892.0,3.860359,252869.05
2013-03-20,63.69,695831303.0,4.005668,335951.49
2013-03-21,70.92,775211154.0,4.23461,386500.51
2013-03-22,69.85,763898930.0,4.055682,399868.83
2013-03-23,64.38,704500328.0,3.706726,349278.41
2013-03-24,71.69,784797928.0,4.025564,338737.25
2013-03-25,74.31,813786824.0,4.023782,267530.72
2013-03-26,78.61,861172528.0,4.150754,296768.6
2013-03-27,88.85,973613530.0,4.496102,290990.56
2013-03-28,87.67,961096549.0,4.280524,401104.77
2013-03-29,90.3,990238154.0,4.300874,392786.29
2013-03-30,92.19,1011410502.0,4.249246,398721.58
2013-03-31,93.9,1030559617.0,4.265323,396724.28
2013-04-01,103.58,1137324101.0,4.452665,512722.72
2013-04-02,116.68,1281687160.0,4.753368,527976.75
2013-04-03,131.38,1443789615.0,4.850464,574808.54
2013-04-04,133.01,1462129293.0,4.739205,512077.41
2013-04-05,142.63,1568432429.0,4.712764,563372.96
2013-04-06,143.08,1574027368.0,4.614561,583058.43
2013-04-07,162.85,1792186961.0,5.049608,667694.08
2013-04-08,186.35,2051514747.0,5.332902,722110.75
2013-04-09,230.68,2540572929.0,5.640741,1015005.19
2013-04-10,161.19,1776029675.0,3.79935,769696.05
2013-04-11,82.9,913744570.0,2.098819,331606.34
2013-04-12,111.48,1229179119.0,2.840729,482135.31
2013-04-13,97.61,1076680753.0,2.501989,407517.88
2013-04-14,88.86,980530113.0,2.294568,339895.2
2013-04-15,80.87,892732454.0,2.115286,331586.24
2013-04-16,68.28,754043177.0,1.810949,302152.89
2013-04-17,92.86,1025884320.0,2.423217,396993.76
2013-04-18,108.63,1200434440.0,2.784255,399209.17
2013-04-19,119.01,1315593294.0,3.000066,407617.07
2013-04-20,128.21,1417741978.0,3.185256,493601.91
2013-04-21,118.48,1310722638.0,2.914852,521326.27
2013-04-22,126.31,1397836654.0,3.073418,483152.09
2013-04-23,142.13,1573425025.0,3.382925,596934.32
2013-04-24,154.13,1706962827.0,3.509967,624239.78
2013-04-25,141.01,1562219398.0,3.161562,606337.23
2013-04-26,137.21,1520716614.0,3.058344,586571.04
2013-04-27,128.23,1421628545.0,2.837396,471233.01
2013-04-28,134.62,1493145659.0,2.962709,595709.3
2013-04-29,143.81,1595664561.0,3.119663,625575.15
2013-04-30,139.13,1544247235.0,3.000068,518257.94
2013-05-01,116.11,1289224863.0,2.520474,438329.6
2013-05-02,106.34,1181072404.0,2.321008,356242.3
2013-05-03,96.32,1070069482.0,2.108868,329885.18
2013-05-04,112.5,1250283521.0,2.455988,447178.1
2013-05-05,116.49,1295120355.0,2.532333,480515.95
2013-05-06,112.12,1246998701.0,2.433948,465292.17
2013-05-07,111.61,1241802028.0,2.418842,468758.69
2013-05-08,113.14,1259256955.0,2.449598,466686.26
2013-05-09,111.97,1246787691.0,2.421618,459095.58
2013-05-10,117.69,1310944548.0,2.545544,506071.46
2013-05-11,115.5,1287061932.0,2.486801,525523.99
2013-05-12,114.89,1280701258.0,2.469309,482519.84
2013-05-13,117.4,1309290368.0,2.516918,510709.39
2013-05-14,107.87,1203328284.0,2.316576,415282.43
2013-05-15,108.99,1216221320.0,2.335071,384178.65
2013-05-16,112.92,1260506723.0,2.414715,417796.13
2013-05-17,117.28,1309724907.0,2.500907,472070.58
2013-05-18,118.17,1320050853.0,2.504538,440182.79
2013-05-19,117.03,1307817308.0,2.477449,456432.13
2013-05-20,117.82,1316966681.0,2.489387,379965.1
2013-05-21,117.25,1311075950.0,2.474152,442626.45
2013-05-22,118.98,1330841045.0,2.504851,464014.88
2013-05-23,123.73,1384488238.0,2.595111,538208.78
2013-05-24,128.97,1443723532.0,2.690725,544902.82
2013-05-25,128.84,1442842701.0,2.654722,531485.28
2013-05-26,130.16,1458084132.0,2.677409,530396.3
2013-05-27,126.39,1416455569.0,2.594247,556128.79
2013-05-28,125.9,1411480510.0,2.578464,497323.15
2013-05-29,129.56,1453058332.0,2.639469,544172.21
2013-05-30,126.51,1419399429.0,2.569771,566145.98
2013-05-31,127.82,1434582209.0,2.586565,559197.14
2013-06-01,128.79,1446207401.0,2.599492,685812.88
2013-06-02,122.63,1377596395.0,2.47023,610067.88
2013-06-03,122.95,1381873849.0,2.470984,654704.43
2013-06-04,120.19,1351501921.0,2.41037,640011.58
2013-06-05,120.87,1359703824.0,2.416057,556001.65
2013-06-06,119.05,1339814370.0,2.365549,538719.24
2013-06-07,110.2,1240591162.0,2.191627,443545.87
2013-06-08,109.18,1229611336.0,2.171449,494032.92
2013-06-09,99.9,1125550442.0,1.98866,397116.82
2013-06-10,104.36,1176184371.0,2.0777,453955.41
2013-06-11,107.51,1212170386.0,2.13558,483783.84
2013-06-12,106.38,1199975981.0,2.113269,539868.94
2013-06-13,101.32,1143434086.0,2.016193,471156.12
2013-06-14,99.21,1120061949.0,1.975256,446459.6
2013-06-15,99.88,1127965182.0,1.987858,431959.54
2013-06-16,99.04,1118973898.0,1.970781,458052.37
2013-06-17,100.13,1131628982.0,1.992474,362957.86
2013-06-18,104.29,1179042827.0,2.074137,365012.12
2013-06-19,104.42,1180844662.0,2.075491,355018.31
2013-06-20,104.32,1180187216.0,2.073206,401645.47
2013-06-21,101.42,1147731006.0,2.016509,425950.8
2013-06-22,100.04,1132583770.0,1.98864,440173.84
2013-06-23,100.31,1136113617.0,1.99398,413798.32
2013-06-24,99.05,1122112297.0,1.967977,371421.31
2013-06-25,97.83,1108755118.0,1.94416,383993.7
2013-06-26,98.65,1118465118.0,1.9591,429134.9
2013-06-27,96.8,1097920368.0,1.923498,404156.49
2013-06-28,89.42,1014602835.0,1.781286,377818.54
2013-06-29,88.8,1007861668.0,1.768212,375168.55
2013-06-30,89.48,1015963076.0,1.783012,342264.47
2013-07-01,82.87,941200730.0,1.651894,325255.21
2013-07-02,87.82,997745650.0,1.747624,335897.99
2013-07-03,77.69,883064123.0,1.551811,357380.12
2013-07-04,79.13,899798285.0,1.58276,326431.34
2013-07-05,67.45,767222778.0,1.361373,313631.45
2013-07-06,66.34,754952725.0,1.348444,310147.36
2013-07-07,72.11,820924714.0,1.465019,335309.28
2013-07-08,73.99,842671532.0,1.502969,355145.06
2013-07-09,74.89,853306435.0,1.52222,346375.09
2013-07-10,85.01,969046683.0,1.717337,414441.69
2013-07-11,87.5,997740226.0,1.76516,380614.34
2013-07-12,90.05,1027155021.0,1.810837,346679.79
2013-07-13,91.59,1045148462.0,1.83583,359500.95
2013-07-14,89.89,1026132821.0,1.801174,386536.76
2013-07-15,93.8,1071080759.0,1.876638,384564.23
2013-07-16,91.78,1048445958.0,1.837494,376302.25
2013-07-17,91.03,1040300802.0,1.823897,418744.22
2013-07-18,84.96,971279497.0,1.707256,341970.96
2013-07-19,86.24,986247535.0,1.734474,368670.85
2013-07-20,84.91,971455783.0,1.709039,394835.5
2013-07-21,85.66,980502571.0,1.72425,426180.14
2013-07-22,85.65,980680504.0,1.724495,353302.24
2013-07-23,86.98,996193006.0,1.750492,306594.12
2013-07-24,88.15,1009997554.0,1.772873,350403.13
2013-07-25,90.17,1033406188.0,1.811436,329106.24
2013-07-26,89.98,1031687978.0,1.806616,368934.34
2013-07-27,88.17,1011234978.0,1.769417,398947.87
2013-07-28,92.75,1064162529.0,1.858841,389532.54
2013-07-29,93.3,1070921148.0,1.869772,415179.2
2013-07-30,96.66,1109974491.0,1.933176,476048.3
2013-07-31,98.02,1126113339.0,1.955121,465615.99
2013-08-01,96.57,1109809374.0,1.924487,427313.48
2013-08-02,96.07,1104599124.0,1.908365,461157.75
2013-08-03,95.51,1098476609.0,1.88398,405903.52
2013-08-04,96.37,1108785073.0,1.899187,431235.53
2013-08-05,97.53,1122611899.0,1.917948,460815.71
2013-08-06,97.67,1124734225.0,1.919692,463938.23
2013-08-07,97.05,1118080458.0,1.906132,451302.06
2013-08-08,94.26,1086342373.0,1.850733,483068.52
2013-08-09,92.47,1066226355.0,1.815305,450804.79
2013-08-10,93.29,1076179831.0,1.830359,489791.15
2013-08-11,94.27,1087967757.0,1.848344,509065.09
2013-08-12,95.45,1102045453.0,1.870131,515410.94
2013-08-13,97.76,1129194527.0,1.905068,447247.77
2013-08-14,99.12,1145345466.0,1.928708,416309.41
2013-08-15,98.11,1134034630.0,1.905185,416951.92
2013-08-16,98.29,1136581601.0,1.906841,412822.03
2013-08-17,99.63,1152544584.0,1.929949,473244.9
2013-08-18,99.18,1147791401.0,1.919829,481013.49
2013-08-19,102.78,1189978284.0,1.985208,454819.25
2013-08-20,104.5,1210343890.0,2.014176,496376.0
2013-08-21,110.8,1283870902.0,2.128298,542927.86
2013-08-22,109.52,1269649512.0,2.100244,591425.37
2013-08-23,107.7,1249013410.0,2.060934,527718.1
2013-08-24,108.88,1263255685.0,2.081309,498138.24
2013-08-25,113.08,1312409633.0,2.157295,426886.68
2013-08-26,112.12,1301681760.0,2.13483,465290.18
2013-08-27,117.76,1367678672.0,2.234223,497535.12
2013-08-28,118.32,1374681503.0,2.237364,526512.49
2013-08-29,118.84,1381264032.0,2.239108,561498.39
2013-08-30,124.89,1452222118.0,2.342198,640037.57
2013-08-31,128.38,1493551307.0,2.396052,715707.23
2013-09-01,130.54,1519383297.0,2.424986,721213.46
2013-09-02,129.57,1508777714.0,2.397586,696413.87
2013-09-03,129.18,1504949278.0,2.374298,626536.6
2013-09-04,122.53,1427936119.0,2.251439,499306.65
2013-09-05,122.37,1426628973.0,2.245019,547606.13
2013-09-06,117.86,1374607455.0,2.160991,545107.8
2013-09-07,119.81,1397829338.0,2.193428,434329.34
2013-09-08,118.06,1377787522.0,2.159702,463375.24
2013-09-09,121.26,1415770495.0,2.210035,615390.81
2013-09-10,122.22,1427518921.0,2.222812,583579.16
2013-09-11,127.09,1485069117.0,2.302802,635441.14
2013-09-12,126.78,1482150942.0,2.284282,675107.35
2013-09-13,127.41,1490131021.0,2.291526,649779.5
2013-09-14,124.35,1455028245.0,2.227955,677699.2
2013-09-15,125.08,1464112002.0,2.238097,565970.79
2013-09-16,126.2,1477804869.0,2.252595,485887.96
2013-09-17,126.9,1486482611.0,2.261656,567865.19
2013-09-18,126.9,1487083042.0,2.256529,523478.26
2013-09-19,124.18,1455765887.0,2.194361,589859.55
2013-09-20,122.92,1441617545.0,2.17031,614608.18
2013-09-21,123.51,1449080977.0,2.178488,583576.51
2013-09-22,123.12,1445208451.0,2.166875,624859.05
2013-09-23,122.87,1442810650.0,2.160342,645044.92
2013-09-24,123.8,1454407234.0,2.172101,656126.0
2013-09-25,123.61,1452890631.0,2.165199,636612.5
2013-09-26,124.69,1465990545.0,2.180597,504976.98
2013-09-27,126.61,1489124478.0,2.210429,563393.8
2013-09-28,126.8,1491934482.0,2.211287,561074.74
2013-09-29,127.11,1496146694.0,2.213641,540211.67
2013-09-30,126.09,1484673719.0,2.19175,513817.82
2013-10-01,127.58,1502757462.0,2.212735,596415.11
2013-10-02,104.11,1226788969.0,1.816806,497101.82
2013-10-03,117.58,1386111008.0,2.044554,584938.09
2013-10-04,121.93,1437999553.0,2.116547,548686.56
2013-10-05,121.39,1432331659.0,2.104627,664628.88
2013-10-06,122.48,1445663053.0,2.120149,566448.08
2013-10-07,123.91,1463044622.0,2.126249,483236.8
2013-10-08,124.77,1473700417.0,2.137629,505304.44
2013-10-09,125.93,1488044933.0,2.15267,560404.17
2013-10-10,126.7,1497764878.0,2.162635,608182.32
2013-10-11,127.26,1504862605.0,2.16817,588555.76
2013-10-12,127.85,1512594203.0,2.174057,684004.26
2013-10-13,132.42,1567326662.0,2.246624,731596.51
2013-10-14,135.34,1602776719.0,2.287668,845869.97
2013-10-15,141.49,1676584640.0,2.378634,919710.41
2013-10-16,138.33,1639796564.0,2.311162,726221.59
2013-10-17,143.75,1704638295.0,2.389985,600144.28
2013-10-18,152.78,1812436164.0,2.527457,733322.75
2013-10-19,165.77,1967550544.0,2.717258,924182.9
2013-10-20,166.5,1977012770.0,2.715373,828338.25
2013-10-21,179.91,2137197001.0,2.871384,949028.57
2013-10-22,190.4,2263001755.0,2.97642,1166217.04
2013-10-23,204.6,2432875110.0,3.12647,1130416.94
2013-10-24,194.41,2312748499.0,2.945818,1044953.99
2013-10-25,185.64,2209553671.0,2.720089,1090657.25
2013-10-26,179.81,2140916179.0,2.630118,818127.39
2013-10-27,194.55,2317266190.0,2.830442,870593.95
2013-10-28,196.27,2338713941.0,2.843308,858701.76
2013-10-29,204.43,2436684646.0,2.92026,817712.7
2013-10-30,197.9,2359843888.0,2.815145,964765.42
2013-10-31,203.28,2425105802.0,2.874123,1072321.25
2013-11-01,203.04,2423220454.0,2.852806,1055792.97
2013-11-02,204.79,2445209554.0,2.867318,1034204.05
2013-11-03,210.28,2511679474.0,2.927604,1009321.84
2013-11-04,228.79,2733959063.0,3.102857,1115356.31
2013-11-05,243.64,2912477842.0,3.235508,1059841.26
2013-11-06,263.21,3147464099.0,3.442385,1072579.05
2013-11-07,290.12,3470354236.0,3.650333,1044447.21
2013-11-08,333.75,3993314855.0,4.050044,1118064.7
2013-11-09,331.05,3962240226.0,3.931826,1224889.25
2013-11-10,327.56,3921840038.0,3.834145,1400313.24
2013-11-11,342.7,4104700956.0,3.936018,1602111.71
2013-11-12,354.65,4249589141.0,3.977467,1782093.58
2013-11-13,394.5,4728862183.0,4.284272,1656918.88
2013-11-14,416.71,4996898130.0,4.375917,1906431.34
2013-11-15,408.4,4898974235.0,4.192861,1694855.01
2013-11-16,435.8,5229762080.0,4.387057,2113622.45
2013-11-17,485.34,5826497052.0,4.737254,2256815.08
2013-11-18,657.78,7899238896.0,5.884068,2565336.17
2013-11-19,546.88,6569644606.0,4.732134,2201185.55
2013-11-20,595.34,7154243419.0,4.91892,2440890.31
2013-11-21,720.76,8664193686.0,5.688278,2702866.59
2013-11-22,802.92,9655188371.0,5.684337,3452542.81
2013-11-23,834.3,10036063849.0,5.594128,3545755.19
2013-11-24,807.17,9713112910.0,5.296892,3390100.12
2013-11-25,816.24,9825868340.0,5.132463,3530252.65
2013-11-26,916.1,11031541044.0,5.085211,3641486.21
2013-11-27,962.91,11599427445.0,5.072404,4164588.18
2013-11-28,1007.39,12139760582.0,5.008049,4558426.92
2013-11-29,1128.73,13606858893.0,5.253162,4881737.74
2013-11-30,1119.3,13498119327.0,5.064239,4924905.55
2013-12-01,964.49,11635884342.0,4.312459,4701868.24
2013-12-02,1040.81,12560801212.0,4.55217,4137212.67
2013-12-03,1053.62,12720698339.0,4.516795,5268105.14
2013-12-04,1134.93,13707245929.0,4.718179,4851835.29
2013-12-05,1027.41,12413024442.0,4.196221,4366500.03
2013-12-06,824.58,9966751947.0,3.372257,4287824.89
2013-12-07,703.75,8509665399.0,2.868185,3430773.33
2013-12-08,783.57,9478722083.0,3.173224,3819920.07
2013-12-09,896.08,10843625557.0,3.602284,3942748.88
2013-12-10,977.17,11829553964.0,3.881944,4690393.76
2013-12-11,875.46,10601969953.0,3.43846,3611289.14
2013-12-12,873.32,10579622452.0,3.416555,3558798.58
2013-12-13,879.16,10654088611.0,3.407552,3824329.19
2013-12-14,852.86,10339592473.0,3.314627,4221637.8
2013-12-15,864.06,10479266163.0,3.340369,3823472.84
2013-12-16,677.89,8224848384.0,2.627547,3406417.89
2013-12-17,682.63,8285733866.0,2.645692,3464330.87
2013-12-18,526.12,6388681646.0,2.04906,2617451.86
2013-12-19,685.53,8328197861.0,2.659973,3873216.98
2013-12-20,600.22,7294490541.0,2.330829,2670965.45
2013-12-21,597.03,7258204826.0,2.280749,2403059.85
2013-12-22,615.01,7479382500.0,2.38571,2598430.07
2013-12-23,657.93,8004081994.0,2.544941,2812636.36
2013-12-24,650.66,7918485708.0,2.46859,2749058.55
2013-12-25,678.29,8257429633.0,2.561197,2747075.14
2013-12-26,750.0,9133750878.0,2.816627,3374984.68
2013-12-27,722.57,8803069849.0,2.698817,3323824.61
2013-12-28,715.85,8723906480.0,2.671271,2684446.36
2013-12-29,727.27,8866119604.0,2.709952,3054539.11
2013-12-30,735.74,8972568474.0,2.739735,3182084.14
2013-12-31,729.56,8900503871.0,2.714241,3355964.88
2014-01-01,752.4,9183089853.0,2.798594,3856073.32
2014-01-02,784.95,9582996402.0,2.906886,2629598.99
2014-01-03,807.22,9858101001.0,2.972766,3249072.33
2014-01-04,828.6,10122111480.0,3.000826,2920822.27
2014-01-05,902.49,11029040879.0,3.237519,4354501.61
2014-01-06,914.46,11179606611.0,3.258555,4252238.82
2014-01-07,803.35,9824823598.0,2.85648,3554831.7
2014-01-08,820.69,10040826132.0,2.891057,3959829.3
2014-01-09,831.33,10175362594.0,2.919221,4302157.33
2014-01-10,853.3,10448187787.0,2.989424,3989172.15
2014-01-11,889.56,10896805298.0,3.088008,4670168.14
2014-01-12,845.19,10357726631.0,2.922513,4373865.14
2014-01-13,822.88,10087743754.0,2.839042,3476655.38
2014-01-14,815.29,9998079806.0,2.801868,3301939.09
2014-01-15,841.09,10318292541.0,2.871832,3869013.34
2014-01-16,815.85,10012488125.0,2.775845,3773328.45
2014-01-17,792.83,9732925496.0,2.694381,3012752.12
2014-01-18,809.78,9944578844.0,2.748474,3522558.35
2014-01-19,838.43,10299896609.0,2.837763,3542360.31
2014-01-20,828.89,10186700742.0,2.798305,4040815.43
2014-01-21,823.82,10127844875.0,2.776099,3418844.55
2014-01-22,818.98,10072254626.0,2.750678,3931086.65
2014-01-23,810.92,9976790594.0,2.720357,3588331.73
2014-01-24,781.04,9612868030.0,2.614639,3690425.88
2014-01-25,804.4,9903703941.0,2.6863,3318163.37
2014-01-26,814.5,10031101356.0,2.715971,3095097.65
2014-01-27,742.7,9150091927.0,2.47713,3230750.98
2014-01-28,790.18,9738027140.0,2.629305,3042179.15
2014-01-29,793.38,9780577243.0,2.633737,3014860.81
2014-01-30,799.47,9859171086.0,2.648846,3517687.71
2014-01-31,803.24,9909273006.0,2.657971,3694892.95
2014-02-01,813.22,10036259445.0,2.67964,3842462.37
2014-02-02,814.49,10055736698.0,2.680247,3787382.55
2014-02-03,807.0,9966874028.0,2.651768,3651663.36
2014-02-04,800.08,9884858380.0,2.627458,3440336.4
2014-02-05,784.47,9695361198.0,2.492835,3294789.51
2014-02-06,763.57,9440477710.0,2.424851,3474240.69
2014-02-07,711.57,8800350462.0,2.263792,2757338.68
2014-02-08,677.68,8384312395.0,2.158114,3083454.47
2014-02-09,687.41,8506986613.0,2.187975,2371550.89
2014-02-10,685.46,8485545565.0,2.180964,2673284.25
2014-02-11,671.9,8320462975.0,2.139322,2754788.74
2014-02-12,653.77,8098811133.0,2.084006,2909257.73
2014-02-13,612.92,7595523910.0,1.955433,2727486.95
2014-02-14,668.79,8291082519.0,2.129981,3193465.58
2014-02-15,654.38,8115479465.0,2.083683,3059212.76
2014-02-16,623.25,7732488990.0,1.985087,3038345.32
2014-02-17,631.33,7835234697.0,2.011558,2446421.56
2014-02-18,627.27,7787368653.0,1.998497,2556132.43
2014-02-19,623.54,7744159486.0,1.98944,3117700.68
2014-02-20,563.77,7004311226.0,1.801297,2494675.88
2014-02-21,580.32,7212206644.0,1.853833,2205232.4
2014-02-22,607.12,7548010095.0,1.939446,2732060.85
2014-02-23,610.08,7587343601.0,1.94858,2562345.76
2014-02-24,542.27,6746537218.0,1.742065,2589323.26
2014-02-25,533.71,6642199671.0,1.728279,2148173.27
2014-02-26,587.58,7315347427.0,1.899892,2702861.51
2014-02-27,585.39,7290899751.0,1.894485,2751351.45
2014-02-28,551.29,6868699958.0,1.781207,2494608.84
2014-03-01,567.53,7073074066.0,1.835323,2043123.25
2014-03-02,558.53,6962782219.0,1.807871,1954846.98
2014-03-03,676.51,8436036496.0,2.180833,2503071.21
2014-03-04,674.51,8413679685.0,2.172943,2512554.96
2014-03-05,670.34,8364246724.0,2.155494,2614321.52
2014-03-06,667.71,8334368087.0,2.142661,2887858.01
2014-03-07,631.77,7888356429.0,1.964029,2621846.73
2014-03-08,621.52,7763031842.0,1.930419,2610401.28
2014-03-09,640.58,8003898569.0,1.952214,2866590.53
2014-03-10,628.15,7850957581.0,1.910789,2339863.37
2014-03-11,633.73,7923393435.0,1.925123,2661682.12
2014-03-12,634.65,7937695875.0,1.923702,2887643.05
2014-03-13,643.43,8050181562.0,1.947829,2605900.01
2014-03-14,628.31,7863055683.0,1.903437,2089126.06
2014-03-15,636.22,7964671638.0,1.926414,2624401.93
2014-03-16,634.17,7941722383.0,1.919278,2711072.05
2014-03-17,622.76,7801357485.0,1.884422,2506609.84
2014-03-18,614.31,7697737312.0,1.857422,2242229.73
2014-03-19,610.51,7652583814.0,1.845339,2442044.81
2014-03-20,586.61,7355554647.0,1.774777,2595738.61
2014-03-21,569.69,7146128280.0,1.717862,2649079.51
2014-03-22,564.7,7085878407.0,1.702479,2399975.11
2014-03-23,558.96,7016828469.0,1.685365,2990429.91
2014-03-24,585.02,7346774511.0,1.762644,2749609.28
2014-03-25,583.77,7333342313.0,1.757242,2291301.92
2014-03-26,579.24,7278772312.0,1.743141,2302494.31
2014-03-27,483.16,6073523735.0,1.457944,2089684.35
2014-03-28,498.66,6270499057.0,1.506689,2169176.78
2014-03-29,489.52,6157654119.0,1.479919,2141636.98
2014-03-30,458.97,5774962089.0,1.389996,1606382.15
2014-03-31,455.36,5731575962.0,1.382237,2049099.09
2014-04-01,479.01,6031346383.0,1.454697,2047761.19
2014-04-02,439.01,5529894032.0,1.335649,2162131.6
2014-04-03,449.44,5663560667.0,1.367789,2292149.87
2014-04-04,449.72,5669265274.0,1.369646,2192384.36
2014-04-05,461.68,5821952055.0,1.41084,1973662.04
2014-04-06,458.63,5785324166.0,1.401414,1731341.39
2014-04-07,448.66,5661150114.0,1.371675,1693673.66
2014-04-08,452.8,5715004409.0,1.38534,1516890.38
2014-04-09,442.84,5591013246.0,1.354692,1782422.89
2014-04-10,366.91,4633836285.0,1.12866,1421783.48
2014-04-11,421.94,5330629804.0,1.300824,1782711.41
2014-04-12,424.27,5361782245.0,1.308275,1707703.71
2014-04-13,416.36,5263741902.0,1.284017,1946493.85
2014-04-14,461.11,5831654343.0,1.421329,2224847.29
2014-04-15,521.62,6599262800.0,1.605474,2373349.61
2014-04-16,531.48,6726202947.0,1.628481,2112640.34
2014-04-17,499.84,6327838333.0,1.530104,2111813.66
2014-04-18,483.02,6116863917.0,1.480006,1932080.05
2014-04-19,504.37,6389184729.0,1.544814,2004853.24
2014-04-20,501.56,6355840372.0,1.537037,2231929.47
2014-04-21,498.08,6313963464.0,1.526222,2129311.37
2014-04-22,489.5,6207070837.0,1.500769,1884588.51
2014-04-23,490.63,6223416603.0,1.50161,2023860.99
2014-04-24,503.29,6385887057.0,1.539476,1899926.55
2014-04-25,466.43,5920249347.0,1.428078,2122239.08
2014-04-26,459.23,5830739444.0,1.40633,1871348.84
2014-04-27,438.71,5572174763.0,1.343953,1941288.93
2014-04-28,441.55,5609904516.0,1.354219,1677881.66
2014-04-29,447.71,5690108831.0,1.373644,1913959.95
2014-04-30,448.88,5706462614.0,1.377427,1537399.33
2014-05-01,460.19,5852383319.0,1.412003,2024856.67
2014-05-02,452.24,5753039376.0,1.387572,1820265.11
2014-05-03,438.98,5585899281.0,1.347377,1558373.99
2014-05-04,436.68,5558240188.0,1.340793,1648449.63
2014-05-05,432.34,5504384772.0,1.328367,1351056.81
2014-05-06,430.13,5478334251.0,1.322604,2086121.8
2014-05-07,442.18,5633626419.0,1.360026,1757676.93
2014-05-08,440.4,5612785584.0,1.354714,1838681.53
2014-05-09,452.7,5771408225.0,1.392246,1923966.5
2014-05-10,456.76,5825185348.0,1.404598,2043982.41
2014-05-11,439.11,5601866711.0,1.350593,1668635.01
2014-05-12,441.28,5631314154.0,1.357671,1809251.92
2014-05-13,439.01,5604057889.0,1.351148,1777973.39
2014-05-14,444.85,5680306683.0,1.369674,1668180.77
2014-05-15,446.96,5709203038.0,1.376344,1910760.66
2014-05-16,448.74,5733977785.0,1.382335,2030558.25
2014-05-17,449.22,5742055791.0,1.383796,1942886.4
2014-05-18,446.96,5715094426.0,1.376685,1921939.36
2014-05-19,447.4,5722627920.0,1.378351,1879100.4
2014-05-20,490.34,6273913163.0,1.508675,2169735.24
2014-05-21,493.93,6322109034.0,1.518563,2160959.03
2014-05-22,526.81,6745232578.0,1.616863,2265301.44
2014-05-23,523.7,6707509363.0,1.606087,2160259.7
2014-05-24,527.69,6760669282.0,1.616227,2031611.29
2014-05-25,573.31,7347466289.0,1.751096,2307582.65
2014-05-26,584.85,7497613476.0,1.784204,2310149.5
2014-05-27,573.93,7359576775.0,1.736065,1951356.12
2014-05-28,579.19,7429487155.0,1.749839,2447074.87
2014-05-29,570.35,7318103410.0,1.722204,2010481.32
2014-05-30,620.85,7968618785.0,1.862233,2592033.56
2014-05-31,627.89,8061363103.0,1.879639,2307504.65
2014-06-01,630.07,8092140707.0,1.883007,2756577.92
2014-06-02,663.51,8524698179.0,1.975433,3201415.12
2014-06-03,672.39,8641808154.0,1.996937,2992126.14
2014-06-04,643.89,8278421133.0,1.909989,2913590.34
2014-06-05,661.5,8507425132.0,1.958636,2513713.52
2014-06-06,650.13,8363454619.0,1.924087,2259213.27
2014-06-07,656.8,8451764872.0,1.941952,2545101.05
2014-06-08,657.82,8467123091.0,1.942769,2236587.91
2014-06-09,648.34,8347582866.0,1.910936,2528511.66
2014-06-10,650.94,8383780238.0,1.914685,2717660.35
2014-06-11,631.49,8135608711.0,1.855779,2304934.93
2014-06-12,591.98,7629087563.0,1.715794,2545492.83
2014-06-13,597.04,7696859223.0,1.729002,2432958.37
2014-06-14,575.56,7422437720.0,1.667238,2561239.6
2014-06-15,589.72,7607913697.0,1.70763,2801192.07
2014-06-16,590.57,7621562612.0,1.708953,2775667.17
2014-06-17,609.08,7863277527.0,1.76144,2801768.01
2014-06-18,607.63,7846955363.0,1.756396,2400137.69
2014-06-19,595.75,7696045540.0,1.721757,2487262.42
2014-06-20,591.53,7644281888.0,1.708939,2750621.58
2014-06-21,592.76,7662969895.0,1.71186,2756354.23
2014-06-22,599.63,7754483949.0,1.730727,2698355.85
2014-06-23,589.55,7626693091.0,1.700338,2594030.12
2014-06-24,579.97,7505506467.0,1.671663,2725876.48
2014-06-25,562.24,7278599165.0,1.620933,2628456.95
2014-06-26,580.75,7520740158.0,1.672197,2482702.96
2014-06-27,600.64,7781263113.0,1.727802,2958143.65
2014-06-28,594.39,7703024798.0,1.709181,2704475.88
2014-06-29,600.84,7788974905.0,1.724113,2358299.03
2014-06-30,638.95,8285063973.0,1.829384,2108522.18
2014-07-01,642.96,8339204790.0,1.837619,2137830.68
2014-07-02,651.3,8449628747.0,1.855651,2230696.84
2014-07-03,646.41,8388499951.0,1.83855,2246286.53
2014-07-04,630.64,8186367620.0,1.792707,2617137.34
2014-07-05,630.47,8186593459.0,1.791212,2395779.7
2014-07-06,634.67,8243439552.0,1.802174,2253087.99
2014-07-07,622.85,8092281241.0,1.767569,2335706.17
2014-07-08,624.89,8121120346.0,1.772737,2343353.74
2014-07-09,621.94,8085295133.0,1.761367,2581047.23
2014-07-10,616.52,8017179778.0,1.744956,2296547.62
2014-07-11,634.49,8253353631.0,1.794461,2474528.07
2014-07-12,636.92,8287456960.0,1.800303,2499926.53
2014-07-13,629.88,8198267373.0,1.779573,2519503.0
2014-07-14,619.2,8061371837.0,1.748985,2089791.42
2014-07-15,621.93,8099479060.0,1.755713,2472190.04
2014-07-16,616.35,8028993953.0,1.739466,2218866.78
2014-07-17,624.26,8134685025.0,1.760369,2684314.88
2014-07-18,630.75,8221979325.0,1.777385,2712225.6
2014-07-19,629.17,8204209766.0,1.772745,2784092.14
2014-07-20,625.25,8155455986.0,1.760803,2422838.62
2014-07-21,621.31,8106428369.0,1.747623,2407558.16
2014-07-22,619.82,8089291599.0,1.742701,2200372.59
2014-07-23,619.77,8090895379.0,1.740663,2262170.78
2014-07-24,602.88,7872516831.0,1.692799,2155294.73
2014-07-25,601.58,7857977845.0,1.688631,2451432.45
2014-07-26,594.7,7770155179.0,1.669147,1992253.73
2014-07-27,591.58,7731559647.0,1.659951,2262776.07
2014-07-28,587.49,7680407552.0,1.648504,2203098.77
2014-07-29,584.11,7638387994.0,1.639376,2175818.67
2014-07-30,562.91,7363607117.0,1.580771,2420532.89
2014-07-31,581.98,7615187932.0,1.633108,2240605.91
2014-08-01,596.51,7807670879.0,1.671722,2341289.03
2014-08-02,589.76,7721730034.0,1.652185,2403260.84
2014-08-03,586.75,7684663690.0,1.643623,2259001.89
2014-08-04,587.61,7697736644.0,1.644172,1880346.67
2014-08-05,581.88,7624684695.0,1.618598,1963851.71
2014-08-06,582.25,7631872806.0,1.619167,2387218.32
2014-08-07,586.05,7684003055.0,1.62893,2344186.53
2014-08-08,589.02,7725373119.0,1.636613,2326646.43
2014-08-09,588.98,7727451082.0,1.635627,2679852.27
2014-08-10,589.37,7735241242.0,1.636018,2607977.75
2014-08-11,573.44,7528750394.0,1.591816,2609158.75
2014-08-12,568.31,7463818389.0,1.577476,2472137.71
2014-08-13,548.37,7203960811.0,1.522477,1987841.89
2014-08-14,505.11,6637890304.0,1.4053,2272983.75
2014-08-15,500.32,6577079234.0,1.392728,2063832.62
2014-08-16,521.75,6860784728.0,1.451971,2060904.45
2014-08-17,497.76,6547529020.0,1.385219,2115499.8
2014-08-18,468.96,6170930388.0,1.308492,2321341.69
2014-08-19,486.79,6407900293.0,1.35854,2263593.73
2014-08-20,515.12,6782945023.0,1.43685,2176383.5
2014-08-21,519.31,6840226846.0,1.448839,2142144.89
2014-08-22,516.16,6800781532.0,1.439982,2025925.52
2014-08-23,497.13,6552013008.0,1.387943,2013359.33
2014-08-24,508.43,6702866072.0,1.419367,1855772.21
2014-08-25,501.61,6614667026.0,1.400492,1718015.23
2014-08-26,511.85,6751941119.0,1.42869,2213761.29
2014-08-27,510.16,6731803471.0,1.424126,2155435.82
2014-08-28,506.29,6682832260.0,1.419627,2189683.28
2014-08-29,508.87,6719069018.0,1.42755,2162682.93
2014-08-30,501.28,6621120334.0,1.406342,2280804.54
2014-08-31,478.51,6322686205.0,1.342662,2249003.7
2014-09-01,474.54,6271843934.0,1.331367,1613441.07
2014-09-02,474.43,6272122810.0,1.33209,1743532.71
2014-09-03,473.96,6267892342.0,1.330993,2002477.63
2014-09-04,489.56,6476075981.0,1.374289,1933743.05
2014-09-05,478.75,6334872081.0,1.343655,1735467.96
2014-09-06,480.64,6362067498.0,1.348659,2150875.15
2014-09-07,478.37,6333781569.0,1.34317,1853666.32
2014-09-08,468.98,6211141851.0,1.31734,1688311.79
2014-09-09,473.51,6272952284.0,1.331124,1728318.9
2014-09-10,477.78,6331347487.0,1.343736,1875280.29
2014-09-11,477.27,6326647559.0,1.342561,2028400.4
2014-09-12,474.0,6285080622.0,1.33422,1824889.54
2014-09-13,477.96,6339800916.0,1.345297,2162773.41
2014-09-14,475.65,6311000676.0,1.338708,1878809.85
2014-09-15,472.66,6273163405.0,1.330782,1866989.74
2014-09-16,464.18,6162628008.0,1.307412,1984359.9
2014-09-17,456.34,6060691069.0,1.285606,2121980.49
2014-09-18,426.88,5671343317.0,1.205033,1910288.48
2014-09-19,393.89,5234786700.0,1.115123,1683896.38
2014-09-20,411.04,5464482173.0,1.166208,1808581.91
2014-09-21,400.4,5324715501.0,1.136713,1641658.58
2014-09-22,400.88,5332743728.0,1.138848,1683702.81
2014-09-23,438.49,5834698973.0,1.24562,1644344.25
2014-09-24,423.7,5639528633.0,1.204315,1652430.36
2014-09-25,409.54,5452786187.0,1.164855,1761012.32
2014-09-26,405.3,5397697184.0,1.154534,1357749.14
2014-09-27,400.6,5336459764.0,1.14181,1342007.77
2014-09-28,375.55,5003993225.0,1.071039,1220537.47
2014-09-29,373.06,4972153983.0,1.066878,1277746.11
2014-09-30,389.26,5189547431.0,1.11403,1488934.95
2014-10-01,382.91,5106312656.0,1.09709,1483773.79
2014-10-02,372.53,4969125807.0,1.068432,1285213.66
2014-10-03,357.67,4772213722.0,1.029412,1305479.85
2014-10-04,328.83,4388682580.0,0.948455,1265980.54
2014-10-05,322.83,4309969414.0,0.931729,1363940.96
2014-10-06,326.8,4364384311.0,0.950872,1315384.22
2014-10-07,333.57,4455868953.0,0.971547,1117460.15
2014-10-08,354.41,4735489719.0,1.03195,1275866.4
2014-10-09,361.72,4834490054.0,1.054628,1338350.77
2014-10-10,358.89,4798109636.0,1.047437,1390700.26
2014-10-11,361.91,4839760838.0,1.056945,1302870.16
2014-10-12,377.87,5054628619.0,1.103935,1398123.6
2014-10-13,391.99,5245064709.0,1.143356,1518977.56
2014-10-14,400.88,5365291551.0,1.168845,1322905.95
2014-10-15,394.63,5283069668.0,1.153088,1489712.7
2014-10-16,382.32,5119758565.0,1.117292,1414589.46
2014-10-17,382.2,5119499233.0,1.118135,1356812.8
2014-10-18,391.29,5242894154.0,1.144496,1604302.03
2014-10-19,388.68,5209233125.0,1.136888,1292375.96
2014-10-20,381.19,5110107339.0,1.115401,1305578.69
2014-10-21,385.2,5165387969.0,1.12736,1473407.72
2014-10-22,380.78,5107553013.0,1.114978,1513595.58
2014-10-23,357.34,4794571842.0,1.047693,1348976.59
2014-10-24,357.49,4797920118.0,1.049558,1421016.52
2014-10-25,345.81,4642538390.0,1.016134,1340018.58
2014-10-26,353.08,4741251517.0,1.037858,1103381.11
2014-10-27,350.02,4701468719.0,1.029882,1391312.45
2014-10-28,354.65,4764991907.0,1.043888,1223555.63
2014-10-29,333.6,4483405058.0,0.983554,1292697.48
2014-10-30,344.61,4632838862.0,1.016729,1464589.87
2014-10-31,337.18,4534584097.0,0.996757,1584759.69
2014-11-01,324.37,4363577474.0,0.959634,1289375.98
2014-11-02,324.25,4363182675.0,0.959806,1256463.2
2014-11-03,325.36,4379538202.0,0.964047,1374653.88
2014-11-04,329.66,4438697512.0,0.978052,1335113.7
2014-11-05,338.81,4563041057.0,1.005594,1168879.89
2014-11-06,349.69,4710975208.0,1.036345,1346306.16
2014-11-07,342.13,4610456396.0,1.014762,1282999.83
2014-11-08,345.72,4660062488.0,1.02535,1322364.97
2014-11-09,363.61,4902623335.0,1.07918,1363537.69
2014-11-10,365.5,4929479478.0,1.084723,1343220.78
2014-11-11,367.83,4961998575.0,1.09194,1186237.13
2014-11-12,422.59,5702349217.0,1.25193,1553023.47
2014-11-13,421.91,5694744080.0,1.245974,1529439.96
2014-11-14,398.39,5378743835.0,1.177051,1533797.2
2014-11-15,377.99,5104708460.0,1.117365,1322978.44
2014-11-16,390.21,5271091381.0,1.153278,1463271.84
2014-11-17,387.5,5235948730.0,1.146243,1395003.71
2014-11-18,373.86,5053130943.0,1.106708,1439378.57
2014-11-19,377.61,5105131037.0,1.118772,1331087.23
2014-11-20,356.18,4816608899.0,1.056915,1228825.37
2014-11-21,350.75,4744260557.0,1.041714,1113627.63
2014-11-22,352.46,4768701890.0,1.047047,1356953.73
2014-11-23,367.77,4977255417.0,1.092521,1305595.01
2014-11-24,376.99,5103432931.0,1.119757,1385453.77
2014-11-25,376.76,5101446341.0,1.119402,1243293.58
2014-11-26,367.53,4977788631.0,1.092626,1258790.96
2014-11-27,369.53,5006179266.0,1.09877,1302594.05
2014-11-28,377.9,5120924701.0,1.134299,1398218.65
2014-11-29,376.08,5097729690.0,1.129062,1476099.62
2014-11-30,378.69,5134678161.0,1.136778,1514761.59
2014-12-01,379.11,5141626520.0,1.138258,1232113.93
2014-12-02,382.95,5195071475.0,1.151064,1436050.49
2014-12-03,375.92,5100781830.0,1.130119,1090156.46
2014-12-04,368.85,5006189590.0,1.112297,1346286.32
2014-12-05,378.43,5137728352.0,1.141096,1475870.49
2014-12-06,375.14,5094341410.0,1.131293,1284847.48
2014-12-07,376.64,5115922710.0,1.135977,1186415.35
2014-12-08,363.22,4935062173.0,1.104181,1480103.88
2014-12-09,351.11,4771784114.0,1.067613,1246429.27
2014-12-10,347.88,4729191783.0,1.060413,1243675.98
2014-12-11,348.59,4740155422.0,1.063281,1289794.12
2014-12-12,353.19,4803918508.0,1.077677,1244996.91
2014-12-13,349.24,4751499087.0,1.065915,1274736.75
2014-12-14,356.08,4845769567.0,1.086891,1255181.02
2014-12-15,347.1,4724725484.0,1.06029,1223510.51
2014-12-16,328.61,4474321674.0,1.004695,1174792.62
2014-12-17,320.3,4362121917.0,0.980289,1024952.36
2014-12-18,313.51,4270715212.0,0.960773,1011075.08
2014-12-19,318.24,4336255009.0,0.976192,1089981.89
2014-12-20,330.07,4498454597.0,1.013062,1105720.29
2014-12-21,320.99,4375857073.0,0.987786,1059275.81
2014-12-22,331.84,4525126533.0,1.021497,1360554.6
2014-12-23,336.08,4584226091.0,1.039544,1260315.48
2014-12-24,323.03,4407433220.0,0.999612,1235598.54
2014-12-25,319.0,4353624220.0,0.987495,1260034.77
2014-12-26,329.21,4494277462.0,1.019299,1250999.3
2014-12-27,315.97,4314703858.0,0.978765,1200680.09
2014-12-28,317.01,4330272746.0,0.98276,1339369.28
2014-12-29,313.07,4277669439.0,0.971305,1283568.68
2014-12-30,310.44,4243025008.0,0.967702,1202962.77
2014-12-31,320.66,4383931185.0,1.000936,1218516.69
2015-01-01,314.78,4304761774.0,0.982747,1298452.95
2015-01-02,315.94,4322014357.0,0.986687,1303263.77
2015-01-03,285.65,3908737739.0,0.894436,1156871.6
2015-01-04,263.33,3604547303.0,0.826303,1132338.67
2015-01-05,275.0,3765349926.0,0.864709,1072515.02
2015-01-06,287.55,3938260925.0,0.904234,1135820.61
2015-01-07,297.54,4076070559.0,0.935778,1041374.48
2015-01-08,284.34,3896376434.0,0.896518,1044958.29
2015-01-09,292.5,4009200101.0,0.924102,1023753.9
2015-01-10,276.23,3787200643.0,0.873754,1015147.21
2015-01-11,268.76,3685757426.0,0.850697,1041427.62
2015-01-12,268.62,3684814575.0,0.851468,953591.17
2015-01-13,224.11,3074962784.0,0.713506,711543.27
2015-01-14,175.64,2410541395.0,0.56358,636686.45
2015-01-15,212.34,2915078938.0,0.681799,801587.32
2015-01-16,207.6,2850648523.0,0.667535,721393.34
2015-01-17,199.82,2744637051.0,0.643251,689395.69
2015-01-18,211.13,2900758070.0,0.680005,807581.88
2015-01-19,216.89,2980705663.0,0.698951,780820.9
2015-01-20,211.92,2912963379.0,0.683661,625163.57
2015-01-21,227.9,3133526730.0,0.739127,848943.18
2015-01-22,233.65,3213279975.0,0.757892,788559.92
2015-01-23,233.13,3206926510.0,0.756614,722711.84
2015-01-24,249.08,3427105944.0,0.808147,784608.69
2015-01-25,254.52,3502692397.0,0.825829,795368.57
2015-01-26,273.95,3771018340.0,0.891472,869798.38
2015-01-27,264.75,3645385811.0,0.862023,986207.92
2015-01-28,235.74,3246805002.0,0.768468,966516.95
2015-01-29,233.96,3223269287.0,0.763571,959225.23
2015-01-30,228.9,3154330219.0,0.748045,789691.86
2015-01-31,217.33,2995872651.0,0.711636,901928.45
2015-02-01,227.11,3131555924.0,0.743873,880056.29
2015-02-02,240.09,3311502261.0,0.78676,954367.37
2015-02-03,227.78,3142345617.0,0.746943,723187.83
2015-02-04,226.78,3129526309.0,0.744388,901455.01
2015-02-05,217.01,2995565460.0,0.713339,862619.33
2015-02-06,222.72,3075423078.0,0.732374,985557.99
2015-02-07,228.65,3158106085.0,0.752146,908872.33
2015-02-08,224.04,3095155714.0,0.737311,739318.76
2015-02-09,220.77,3050902424.0,0.727292,888593.19
2015-02-10,220.89,3053351265.0,0.728104,795197.36
2015-02-11,219.5,3034972495.0,0.72439,867008.65
2015-02-12,222.58,3078323766.0,0.734826,662185.1
2015-02-13,236.56,3272421690.0,0.780988,863427.08
2015-02-14,257.63,3564959250.0,0.85038,1030510.78
2015-02-15,234.45,3244997129.0,0.774371,820560.31
2015-02-16,235.09,3254782654.0,0.776846,922713.05
2015-02-17,243.91,3377800070.0,0.806074,908549.08
2015-02-18,236.0,3269233640.0,0.780234,985280.09
2015-02-19,241.87,3351651584.0,0.801391,1003769.85
2015-02-20,245.53,3403317980.0,0.81237,969846.56
2015-02-21,245.6,3405093966.0,0.812697,871865.81
2015-02-22,236.69,3282518444.0,0.783669,893507.27
2015-02-23,239.07,3316309401.0,0.792114,848684.36
2015-02-24,239.87,3328225536.0,0.795224,773578.37
2015-02-25,238.24,3306512284.0,0.790864,946988.54
2015-02-26,237.04,3290861310.0,0.78722,888916.51
2015-02-27,255.12,3542727502.0,0.847005,969443.74
2015-02-28,254.95,3541295080.0,0.846757,905066.99
2015-03-01,260.65,3621421761.0,0.865149,912279.66
2015-03-02,276.32,3840245962.0,0.916797,1091474.32
2015-03-03,282.71,3930075596.0,0.939145,1116688.31
2015-03-04,273.45,3802326216.0,0.908413,957066.38
2015-03-05,276.27,3842468093.0,0.918351,911687.07
2015-03-06,273.32,3802439816.0,0.9085,1011277.02
2015-03-07,276.4,3846329553.0,0.919803,967411.75
2015-03-08,275.34,3832578714.0,0.917493,1073818.33
2015-03-09,290.13,4039521364.0,0.967772,1044468.21
2015-03-10,292.32,4071128370.0,0.973104,1110817.46
2015-03-11,296.69,4133172398.0,0.987025,1142269.32
2015-03-12,295.8,4121701164.0,0.981439,968746.13
2015-03-13,285.91,3984946335.0,0.950059,1043575.25
2015-03-14,283.61,3953780497.0,0.942505,928817.2
2015-03-15,287.27,4005857102.0,0.954768,1026990.76
2015-03-16,291.39,4064348852.0,0.968835,1012587.61
2015-03-17,285.25,3979568775.0,0.948426,912794.87
2015-03-18,257.29,3590445030.0,0.856866,984119.56
2015-03-19,262.09,3658421734.0,0.873469,897668.35
2015-03-20,262.97,3671509176.0,0.876748,894086.07
2015-03-21,261.18,3647612342.0,0.871013,985970.72
2015-03-22,268.9,3756313692.0,0.896896,954592.93
2015-03-23,266.78,3727646151.0,0.890156,967070.22
2015-03-24,246.84,3450054626.0,0.824546,1067561.73
2015-03-25,246.72,3449433239.0,0.824885,999212.5
2015-03-26,249.53,3489697648.0,0.834809,923272.08
2015-03-27,247.38,3460630354.0,0.828116,1057544.79
2015-03-28,253.23,3543442061.0,0.847855,936956.97
2015-03-29,242.97,3400748395.0,0.813836,929351.12
2015-03-30,248.34,3476782836.0,0.832267,881596.12
2015-03-31,244.71,3426957264.0,0.820518,917671.82
2015-04-01,247.19,3462409579.0,0.830809,815713.2
2015-04-02,253.63,3553728797.0,0.852336,1052564.79
2015-04-03,254.83,3571516036.0,0.856763,930141.05
2015-04-04,253.95,3560051557.0,0.853817,971342.87
2015-04-05,261.11,3661481425.0,0.877909,966114.9
2015-04-06,256.37,3595755073.0,0.862131,807557.27
2015-04-07,254.83,3575186990.0,0.857225,968361.21
2015-04-08,245.83,3449595061.0,0.827357,768203.78
2015-04-09,243.86,3422837588.0,0.821531,810836.62
2015-04-10,235.87,3311603691.0,0.796732,896313.22
2015-04-11,237.41,3334016204.0,0.802169,830931.74
2015-04-12,237.14,3331011083.0,0.801762,758851.34
2015-04-13,225.51,3168453355.0,0.76357,879471.98
2015-04-14,219.76,3088504414.0,0.744892,818595.71
2015-04-15,223.31,3139171565.0,0.759268,681107.42
2015-04-16,228.49,3212774939.0,0.777199,788303.66
2015-04-17,222.79,3133207820.0,0.758279,701772.94
2015-04-18,223.4,3142644116.0,0.760556,815402.86
2015-04-19,223.28,3141851112.0,0.760353,809404.99
2015-04-20,224.89,3165382222.0,0.766319,865845.38
2015-04-21,234.94,3307655936.0,0.800852,898643.04
2015-04-22,233.82,3292819357.0,0.797306,888525.19
2015-04-23,235.93,3323312673.0,0.80445,766783.2
2015-04-24,231.46,3261000381.0,0.789568,717521.64
2015-04-25,226.45,3191301063.0,0.772768,922767.42
2015-04-26,220.5,3108346068.0,0.752946,793812.26
2015-04-27,227.33,3205299822.0,0.77666,778591.52
2015-04-28,225.55,3181112158.0,0.770879,862726.34
2015-04-29,225.67,3183519985.0,0.771542,716499.99
2015-04-30,236.33,3334673947.0,0.807923,791698.72
2015-05-01,232.75,3285000343.0,0.795953,861162.36
2015-05-02,235.54,3325293515.0,0.805595,865609.78
2015-05-03,240.46,3395659328.0,0.822373,847636.48
2015-05-04,238.98,3375417434.0,0.817418,764725.32
2015-05-05,236.02,3334612654.0,0.80768,908690.03
2015-05-06,229.48,3243106562.0,0.785628,923661.91
2015-05-07,237.13,3352047329.0,0.81202,835885.67
2015-05-08,244.38,3455488162.0,0.836817,916438.02
2015-05-09,242.71,3432551363.0,0.831137,782726.69
2015-05-10,240.73,3405403164.0,0.824574,776359.04
2015-05-11,242.25,3427838775.0,0.830503,956886.86
2015-05-12,242.21,3428170514.0,0.830694,908284.1
2015-05-13,236.55,3349034849.0,0.811619,958028.58
2015-05-14,236.95,3355591126.0,0.813363,912253.33
2015-05-15,237.48,3364048666.0,0.815362,872755.55
2015-05-16,235.81,3341137186.0,0.80982,778180.04
2015-05-17,236.96,3358466082.0,0.813898,1013019.74
2015-05-18,232.88,3301481334.0,0.800266,838381.86
2015-05-19,231.97,3289343089.0,0.797456,753916.95
2015-05-20,234.19,3321612394.0,0.8052,848939.86
2015-05-21,235.55,3341864437.0,0.810045,912771.06
2015-05-22,240.32,3410358036.0,0.826625,829115.05
2015-05-23,238.96,3391728869.0,0.822198,669097.19
2015-05-24,240.71,3417424495.0,0.828269,878597.92
2015-05-25,237.0,3365613792.0,0.815978,835437.49
2015-05-26,236.8,3363522711.0,0.815528,852466.54
2015-05-27,237.2,3370126971.0,0.817318,818352.41
2015-05-28,236.96,3367403673.0,0.816934,781957.71
2015-05-29,236.65,3363904290.0,0.81601,911089.13
2015-05-30,232.79,3309858187.0,0.805194,791481.82
2015-05-31,229.45,3263243345.0,0.794144,848967.03
2015-06-01,223.28,3176261135.0,0.773765,736832.92
2015-06-02,225.32,3206098638.0,0.781412,844953.0
2015-06-03,225.21,3205365142.0,0.781559,799506.38
2015-06-04,223.54,3182342190.0,0.776069,787978.77
2015-06-05,224.73,3200072654.0,0.780402,775322.2
2015-06-06,225.16,3207189675.0,0.782043,1001964.28
2015-06-07,223.41,3183111561.0,0.776608,832208.53
2015-06-08,228.77,3260414508.0,0.795326,897939.09
2015-06-09,229.37,3269777768.0,0.797512,865873.75
2015-06-10,228.59,3259595201.0,0.795223,965786.36
2015-06-11,229.58,3274571595.0,0.799129,774847.39
2015-06-12,229.81,3278622379.0,0.799917,815829.83
2015-06-13,233.02,3325260566.0,0.811441,926235.99
2015-06-14,232.51,3318868030.0,0.809924,860276.3
2015-06-15,236.79,3380869346.0,0.824888,852447.47
2015-06-16,251.43,3590663484.0,0.875132,741726.4
2015-06-17,247.97,3542183372.0,0.863259,979478.8
2015-06-18,249.01,3558055843.0,0.867098,971148.67
2015-06-19,244.8,3498814573.0,0.852517,899652.8
2015-06-20,245.58,3510771420.0,0.855207,822701.42
2015-06-21,244.3,3493198059.0,0.850703,757330.81
2015-06-22,247.02,3533001757.0,0.860175,944843.44
2015-06-23,244.18,3493335248.0,0.850511,854646.67
2015-06-24,240.45,3440865164.0,0.837956,937761.03
2015-06-25,242.35,3468922344.0,0.844849,920921.86
2015-06-26,242.97,3478734336.0,0.847173,935426.79
2015-06-27,251.53,3602123761.0,0.876861,811182.08
2015-06-28,249.06,3567614187.0,0.868258,877930.46
2015-06-29,256.65,3677262511.0,0.894478,898275.78
2015-06-30,263.85,3781439208.0,0.918951,956472.04
2015-07-01,258.04,3699019359.0,0.898775,870893.94
2015-07-02,254.75,3652758934.0,0.887599,980776.39
2015-07-03,256.09,3673002617.0,0.893606,1030750.35
2015-07-04,260.51,3737419191.0,0.908956,989935.11
2015-07-05,271.3,3893228194.0,0.946527,963123.73
2015-07-06,269.14,3863384906.0,0.938797,1217849.18
2015-07-07,266.47,3825979033.0,0.929134,892674.23
2015-07-08,270.58,3886025324.0,0.94328,1089068.98
2015-07-09,269.68,3874055949.0,0.940977,896687.01
2015-07-10,285.56,4103255450.0,0.995487,1099401.31
2015-07-11,293.92,4224450512.0,1.024158,1087494.58
2015-07-12,311.48,4477953762.0,1.083679,1051251.34
2015-07-13,292.65,4208292844.0,1.018332,1082802.13
2015-07-14,287.74,4138747805.0,1.001301,1035867.43
2015-07-15,285.92,4113691144.0,0.994926,1093655.04
2015-07-16,278.53,4008299275.0,0.969645,933084.71
2015-07-17,280.06,4031374811.0,0.974835,1029237.86
2015-07-18,277.35,3993397738.0,0.965715,1033146.02
2015-07-19,275.28,3964601513.0,0.958607,1046071.56
2015-07-20,279.11,4020884201.0,0.97272,1088546.13
2015-07-21,276.65,3986295615.0,0.964385,878371.41
2015-07-22,277.76,4003387233.0,0.968306,1069392.82
2015-07-23,276.81,3990624330.0,0.964921,968840.7
2015-07-24,289.31,4171970034.0,1.007966,1222317.75
2015-07-25,289.51,4175992753.0,1.008285,1114604.41
2015-07-26,293.31,4231965549.0,1.02127,1055933.43
2015-07-27,294.43,4249105128.0,1.024927,1096739.69
2015-07-28,295.41,4264301217.0,1.028158,1004394.43
2015-07-29,289.86,4185225455.0,1.009102,1101452.18
2015-07-30,288.24,4162806010.0,1.003757,965591.47
2015-07-31,284.6,4111325610.0,0.990987,1074354.9
2015-08-01,281.67,4070111946.0,0.980892,1091466.78
2015-08-02,282.42,4082075700.0,0.98353,1066146.85
2015-08-03,282.19,4079743943.0,0.982776,1107576.33
2015-08-04,285.29,4125555384.0,0.99397,969974.5
2015-08-05,282.34,4083866765.0,0.983824,938776.8
2015-08-06,279.0,4036507637.0,0.972329,997409.8
2015-08-07,279.49,4044597118.0,0.974197,957248.85
2015-08-08,261.45,3784607716.0,0.911661,1052337.36
2015-08-09,266.34,3856363388.0,0.933177,945514.17
2015-08-10,264.93,3837007827.0,0.928561,1106077.85
2015-08-11,271.42,3932144983.0,0.951276,1099258.03
2015-08-12,268.14,3885502464.0,0.939981,844653.19
2015-08-13,264.69,3836450982.0,0.92823,972741.73
2015-08-14,266.36,3861519172.0,0.934356,945563.59
2015-08-15,261.94,3798349936.0,0.91934,897133.67
2015-08-16,258.93,3755652917.0,0.909505,893311.32
2015-08-17,258.01,3743236411.0,0.906685,948184.54
2015-08-18,217.89,3161886893.0,0.76798,768047.74
2015-08-19,227.22,3298201251.0,0.801862,886151.18
2015-08-20,235.52,3419645393.0,0.832039,883214.56
2015-08-21,232.8,3381065750.0,0.823263,960302.55
2015-08-22,230.64,3350585165.0,0.816117,911024.73
2015-08-23,228.67,3322788928.0,0.809232,766054.8
2015-08-24,211.96,3080697609.0,0.752132,821329.18
2015-08-25,222.66,3236956684.0,0.794075,751460.76
2015-08-26,226.12,3288192392.0,0.808145,910119.72
2015-08-27,224.94,3271849435.0,0.804181,770419.08
2015-08-28,232.17,3377926169.0,0.829989,899661.88
2015-08-29,229.83,3344733032.0,0.821988,919304.8
2015-08-30,229.02,3333852748.0,0.819272,858823.4
2015-08-31,230.69,3359066952.0,0.825402,905456.15
2015-09-01,227.96,3320136354.0,0.815985,877628.95
2015-09-02,229.5,3343580491.0,0.821884,918008.72
2015-09-03,227.11,3309516199.0,0.813975,828940.99
2015-09-04,231.18,3369734261.0,0.828724,901592.5
2015-09-05,235.9,3439481099.0,0.845663,866943.55
2015-09-06,240.81,3511826272.0,0.863224,866899.7
2015-09-07,240.63,3510234382.0,0.862594,914407.74
2015-09-08,244.17,3562723704.0,0.875163,830194.84
2015-09-09,238.72,3484056330.0,0.855818,889241.18
2015-09-10,238.75,3485485743.0,0.856619,1020658.29
2015-09-11,240.85,3517014444.0,0.864214,951337.78
2015-09-12,236.35,3452198890.0,0.848312,797687.43
2015-09-13,230.55,3368309570.0,0.827829,870321.86
2015-09-14,230.95,3375030516.0,0.829638,877605.42
2015-09-15,230.4,3367911561.0,0.827948,921594.36
2015-09-16,229.04,3348913151.0,0.823337,813103.66
2015-09-17,233.2,3410568739.0,0.838341,839529.71
2015-09-18,233.18,3411022494.0,0.838357,856918.61
2015-09-19,232.24,3398091544.0,0.835184,725754.9
2015-09-20,231.36,3385967055.0,0.832224,740359.44
2015-09-21,226.77,3319557618.0,0.81585,748352.38
2015-09-22,230.63,3376861757.0,0.829864,905208.25
2015-09-23,230.13,3370539512.0,0.828925,909023.13
2015-09-24,234.32,3432689103.0,0.843981,820119.54
2015-09-25,235.54,3451503181.0,0.848478,965706.71
2015-09-26,234.59,3438496950.0,0.845188,862124.92
2015-09-27,233.24,3419600261.0,0.84045,868831.33
2015-09-28,240.02,3519771869.0,0.865028,858061.72
2015-09-29,237.34,3481487862.0,0.855472,1032412.62
2015-09-30,236.74,3473615411.0,0.853454,875937.44
2015-10-01,238.23,3496364655.0,0.859081,887406.06
2015-10-02,237.94,3492888181.0,0.858041,820882.68
2015-10-03,239.74,3520164730.0,0.864499,869042.63
2015-10-04,239.52,3517865592.0,0.863817,916152.24
2015-10-05,240.96,3540000026.0,0.869042,921676.64
2015-10-06,246.94,3628719296.0,0.890456,876638.77
2015-10-07,243.73,3582418301.0,0.879531,810417.17
2015-10-08,243.03,3572908937.0,0.877386,850603.72
2015-10-09,244.45,3594544173.0,0.882492,770014.0
2015-10-10,245.96,3617688500.0,0.888029,983823.7
2015-10-11,248.53,3656429915.0,0.89734,907127.8
2015-10-12,246.09,3621485952.0,0.889655,873632.41
2015-10-13,250.47,3686765012.0,0.905226,857864.2
2015-10-14,253.14,3727042599.0,0.915509,961940.84
2015-10-15,254.69,3750930548.0,0.921012,1056976.01
2015-10-16,262.74,3870347619.0,0.949547,945854.51
2015-10-17,271.93,4006701466.0,0.982064,924565.19
2015-10-18,263.48,3883162961.0,0.951608,955121.08
2015-10-19,264.36,3897238283.0,0.954745,1090496.25
2015-10-20,270.83,3993478146.0,0.977272,866663.08
2015-10-21,268.04,3953274548.0,0.967133,964944.78
2015-10-22,275.41,4063062212.0,0.993324,1019035.34
2015-10-23,278.61,4111275943.0,1.004284,1037832.6
2015-10-24,283.61,4186061086.0,1.021665,1028090.39
2015-10-25,286.05,4223162196.0,1.029814,1108442.56
2015-10-26,286.7,4233988577.0,1.031708,1175483.87
2015-10-27,295.56,4365910872.0,1.062223,1086193.71
2015-10-28,304.44,4498127763.0,1.09231,1057936.29
2015-10-29,314.88,4653528360.0,1.127074,1188669.97
2015-10-30,328.49,4856113854.0,1.171451,1404304.67
2015-10-31,314.12,4644794429.0,1.119009,1154389.19
2015-11-01,329.85,4878720873.0,1.173018,1261692.42
2015-11-02,364.62,5394270071.0,1.2904,1394658.6
2015-11-03,400.92,5932954783.0,1.408496,1553577.03
2015-11-04,405.48,6001984913.0,1.414009,1571241.52
2015-11-05,384.34,5690464342.0,1.335545,1402845.46
2015-11-06,372.98,5523536982.0,1.295855,1352035.89
2015-11-07,386.5,5725363854.0,1.339224,1468717.29
2015-11-08,372.4,5517726529.0,1.290849,1294090.45
2015-11-09,380.5,5639092372.0,1.316342,1417346.28
2015-11-10,337.83,5008011574.0,1.173258,1233081.33
2015-11-11,308.92,4580771119.0,1.076378,1297473.18
2015-11-12,337.52,5006229106.0,1.174842,1358530.03
2015-11-13,337.28,5003958699.0,1.173202,1349115.83
2015-11-14,333.05,4942356322.0,1.158465,1182317.27
2015-11-15,319.93,4748951130.0,1.113692,1279712.09
2015-11-16,331.13,4916703780.0,1.152574,1432149.04
2015-11-17,335.85,4987994385.0,1.167089,1251040.45
2015-11-18,335.74,4987714987.0,1.166371,1284222.73
2015-11-19,326.23,4847511551.0,1.133813,1109189.29
2015-11-20,321.94,4785085357.0,1.119229,1344101.49
2015-11-21,325.91,4845432244.0,1.132921,1417687.76
2015-11-22,323.72,4814289953.0,1.125037,1391982.95
2015-11-23,323.01,4805130310.0,1.122746,1316276.17
2015-11-24,319.96,4760988553.0,1.112328,1247849.29
2015-11-25,328.96,4896111302.0,1.143231,1217153.69
2015-11-26,356.26,5303923856.0,1.235719,1567523.29
2015-11-27,359.27,5349983845.0,1.24472,1194568.84
2015-11-28,356.57,5311127726.0,1.234927,1372784.19
2015-11-29,371.71,5538029394.0,1.285972,1384610.86
2015-11-30,377.39,5624216681.0,1.302856,1528428.85
2015-12-01,362.53,5404310416.0,1.251758,1513572.67
2015-12-02,359.22,5356414171.0,1.2401,1445870.18
2015-12-03,361.21,5387334794.0,1.246635,1282295.74
2015-12-04,363.24,5419024329.0,1.252962,1389399.24
2015-12-05,389.36,5810419099.0,1.340326,1703462.94
2015-12-06,393.32,5871020031.0,1.351402,1563443.54
2015-12-07,395.35,5902736522.0,1.356043,1452898.71
2015-12-08,413.8,6180046221.0,1.415734,1810369.14
2015-12-09,417.63,6239060889.0,1.423096,1754057.22
2015-12-10,415.73,6212880483.0,1.414737,2244941.59
2015-12-11,453.86,6784553389.0,1.537669,1815445.92
2015-12-12,435.86,6517159335.0,1.475292,1765215.68
2015-12-13,434.4,6496986520.0,1.469175,1542132.31
2015-12-14,442.99,6627592526.0,1.49348,2159584.49
2015-12-15,464.62,6953267163.0,1.56073,2125626.76
2015-12-16,454.14,6798347864.0,1.524304,1850630.66
2015-12-17,456.24,6831516735.0,1.529139,1767930.52
2015-12-18,463.18,6937324463.0,1.548873,1956917.63
2015-12-19,461.4,6912537068.0,1.540799,1810994.64
2015-12-20,442.15,6626025133.0,1.476468,1823885.21
2015-12-21,437.64,6560011593.0,1.461155,1630209.48
2015-12-22,435.27,6526092470.0,1.45245,1632256.42
2015-12-23,442.67,6638740304.0,1.474986,1737462.98
2015-12-24,455.88,6838470695.0,1.516489,1572781.56
2015-12-25,455.72,6837917947.0,1.513273,1845661.24
2015-12-26,418.22,6277070712.0,1.390468,1787897.05
2015-12-27,422.71,6346542709.0,1.405244,2166367.71
2015-12-28,421.05,6323313676.0,1.399842,1589474.62
2015-12-29,431.34,6479519118.0,1.433306,1714576.58
2015-12-30,426.04,6401715281.0,1.415493,1757430.04
2015-12-31,429.68,6457837561.0,1.425975,1525353.89
2016-01-01,434.68,6534464975.0,1.442021,1467038.27
2016-01-02,434.44,6532460051.0,1.440857,1574844.56
2016-01-03,430.14,6469306703.0,1.425786,1559243.65
2016-01-04,433.45,6521092889.0,1.435876,1961356.59
2016-01-05,432.67,6511064278.0,1.432572,1698227.8
2016-01-06,430.68,6482611157.0,1.425427,1518139.49
2016-01-07,459.21,6913751593.0,1.513651,1687592.85
2016-01-08,454.13,6839314891.0,1.495311,1964131.38
2016-01-09,449.85,6776417115.0,1.480633,1698165.69
2016-01-10,448.58,6759323838.0,1.473621,1962538.45
2016-01-11,449.03,6768055782.0,1.473184,1908390.5
2016-01-12,441.77,6660432983.0,1.44857,1877514.67
2016-01-13,432.31,6519443883.0,1.417942,1599549.39
2016-01-14,429.82,6483361597.0,1.40989,1429162.22
2016-01-15,367.82,5549288343.0,1.210851,1121860.76
2016-01-16,388.07,5856144324.0,1.277199,1377652.78
2016-01-17,382.48,5773246244.0,1.259021,1443869.88
2016-01-18,384.87,5810881381.0,1.267412,1664541.85
2016-01-19,378.16,5710926949.0,1.245846,1257387.74
2016-01-20,420.62,6353766326.0,1.38226,1598367.11
2016-01-21,409.3,6184105217.0,1.345244,1401847.22
2016-01-22,381.05,5758921328.0,1.259732,1676604.42
2016-01-23,386.37,5841116434.0,1.277052,1729008.45
2016-01-24,403.45,6100999520.0,1.332087,1724735.61
2016-01-25,391.99,5929274269.0,1.293737,1587543.69
2016-01-26,391.14,5918084970.0,1.29079,1564571.74
2016-01-27,394.63,5972336901.0,1.302022,1529181.68
2016-01-28,378.9,5735712765.0,1.251652,1382988.63
2016-01-29,379.0,5738812666.0,1.253403,1601274.98
2016-01-30,377.26,5714271473.0,1.247262,1763703.49
2016-01-31,366.34,5550511097.0,1.2119,1657696.14
2016-02-01,371.22,5625969536.0,1.230413,1494174.33
2016-02-02,372.93,5653475163.0,1.236387,1678174.34
2016-02-03,368.1,5581909720.0,1.221297,1647239.47
2016-02-04,389.72,5911470181.0,1.291285,1636836.94
2016-02-05,384.4,5832510245.0,1.273876,1806672.55
2016-02-06,374.63,5686190018.0,1.242181,1873157.78
2016-02-07,375.15,5695769152.0,1.243808,1650677.24
2016-02-08,370.81,5631255745.0,1.230068,1372013.1
2016-02-09,373.51,5673860327.0,1.239553,1643451.1
2016-02-10,379.08,5760041302.0,1.257438,1554238.71
2016-02-11,377.64,5739921253.0,1.252391,1812667.99
2016-02-12,382.29,5812313599.0,1.26736,1634308.8
2016-02-13,389.6,5924880939.0,1.290904,1519433.89
2016-02-14,406.15,6178287276.0,1.343952,1685525.28
2016-02-15,399.27,6075100823.0,1.320809,1517216.95
2016-02-16,407.04,6194695258.0,1.344393,1404271.82
2016-02-17,415.32,6322452453.0,1.368916,1609380.94
2016-02-18,421.29,6415045582.0,1.387065,1779948.83
2016-02-19,419.63,6391241912.0,1.379904,1521146.17
2016-02-20,440.2,6706178213.0,1.444798,1650734.1
2016-02-21,438.72,6685078457.0,1.438962,1403899.56
2016-02-22,437.54,6668436550.0,1.433887,1389174.56
2016-02-23,420.03,6403107528.0,1.377017,1428110.81
2016-02-24,424.0,6464764200.0,1.388886,1250785.58
2016-02-25,424.09,6467867595.0,1.388699,1643352.12
2016-02-26,431.76,6586375897.0,1.412549,1511167.85
2016-02-27,432.95,6606052938.0,1.415777,1591083.33
2016-02-28,433.1,6609859969.0,1.414898,1450892.58
2016-02-29,437.78,6682642624.0,1.427189,1455604.78
2016-03-01,432.81,6608331738.0,1.408367,1525647.73
2016-03-02,423.08,6461459062.0,1.376659,1660588.17
2016-03-03,419.27,6404671328.0,1.363707,1415032.27
2016-03-04,407.99,6233961495.0,1.327621,1580961.85
2016-03-05,397.31,6072330074.0,1.293009,1489929.2
2016-03-06,403.71,6171496151.0,1.31352,1493709.19
2016-03-07,413.23,6318467554.0,1.343092,1373987.64
2016-03-08,411.43,6292476529.0,1.337125,1583989.92
2016-03-09,412.54,6311258538.0,1.341166,1732670.95
2016-03-10,416.34,6371009646.0,1.352701,1613321.1
2016-03-11,419.51,6421211645.0,1.362291,1678047.74
2016-03-12,410.26,6281138643.0,1.332316,1476950.99
2016-03-13,411.81,6306111597.0,1.337,1369254.56
2016-03-14,415.03,6357014020.0,1.346677,1577102.44
2016-03-15,415.27,6362353042.0,1.347028,1671447.26
2016-03-16,417.02,6390867973.0,1.352006,1584691.65
2016-03-17,418.61,6416576041.0,1.356387,1475583.91
2016-03-18,408.9,6269222347.0,1.325051,1390265.4
2016-03-19,409.12,6274029960.0,1.325984,1391023.06
2016-03-20,412.06,6320504988.0,1.335223,1504007.88
2016-03-21,411.6,6314953343.0,1.333021,1430316.16
2016-03-22,416.58,6392897933.0,1.348071,1541352.12
2016-03-23,417.38,6406678061.0,1.350205,1554734.17
2016-03-24,413.56,6349591401.0,1.337298,1519833.88
2016-03-25,416.37,6394300580.0,1.345551,1519762.34
2016-03-26,416.82,6402803379.0,1.346281,1594348.34
2016-03-27,425.45,6536896823.0,1.37287,1499728.73
2016-03-28,422.92,6499706637.0,1.363757,1797399.15
2016-03-29,415.86,6392933708.0,1.340889,1632265.53
2016-03-30,412.78,6347008620.0,1.330819,1516958.04
2016-03-31,415.96,6397181203.0,1.340393,1289466.11
2016-04-01,417.2,6417906692.0,1.343918,1595792.53
2016-04-02,419.76,6458783382.0,1.351657,1458676.62
2016-04-03,420.07,6465052567.0,1.352232,1491261.21
2016-04-04,419.54,6458592931.0,1.350148,1741094.02
2016-04-05,422.5,6505807454.0,1.358902,1637192.79
2016-04-06,421.91,6498314176.0,1.355664,1655985.73
2016-04-07,421.47,6493002235.0,1.351179,1464598.59
2016-04-08,418.64,6451007328.0,1.342145,1507116.46
2016-04-09,418.76,6454478065.0,1.342334,1695972.47
2016-04-10,421.95,6505561857.0,1.35084,1824953.16
2016-04-11,423.27,6527509951.0,1.354498,1619019.39
2016-04-12,427.43,6593161961.0,1.366545,1581482.36
2016-04-13,424.87,6555490264.0,1.358075,1741977.32
2016-04-14,425.86,6572419904.0,1.360847,1746012.04
2016-04-15,430.72,6649043797.0,1.375556,1496767.36
2016-04-16,432.22,6673565145.0,1.379715,1491146.28
2016-04-17,429.34,6630849315.0,1.370384,1695892.88
2016-04-18,429.66,6637183963.0,1.371014,1439350.73
2016-04-19,437.57,6761043337.0,1.395077,1640882.72
2016-04-20,442.66,6841562100.0,1.410036,1825979.32
2016-04-21,452.16,6990143509.0,1.438446,1706921.75
2016-04-22,448.13,6929440315.0,1.424458,1602080.56
2016-04-23,453.91,7020454409.0,1.441267,1634093.0
2016-04-24,463.38,7168422323.0,1.469847,1529163.48
2016-04-25,465.32,7199804841.0,1.472889,1477378.32
2016-04-26,469.61,7267999182.0,1.483937,1772773.09
2016-04-27,445.74,6900043951.0,1.409538,1437515.09
2016-04-28,451.06,6983903265.0,1.425234,1522327.71
2016-04-29,457.01,7077832660.0,1.44286,1805189.36
2016-04-30,449.9,6969368413.0,1.420259,1642136.77
2016-05-01,455.01,7050293956.0,1.434812,1763166.58
2016-05-02,444.93,6895888978.0,1.403065,1746362.27
2016-05-03,451.63,7001369979.0,1.423526,1704898.91
2016-05-04,448.37,6952690124.0,1.412796,1871936.26
2016-05-05,449.34,6969443376.0,1.415346,1741177.28
2016-05-06,461.69,7162989182.0,1.452313,1869860.14
2016-05-07,461.36,7159568138.0,1.45028,1730106.91
2016-05-08,461.38,7161770204.0,1.449651,1937791.26
2016-05-09,463.46,7196090526.0,1.45525,1981301.04
2016-05-10,451.08,7005610568.0,1.416261,1781764.69
2016-05-11,453.9,7050864289.0,1.424147,1509205.21
2016-05-12,455.61,7079025579.0,1.428762,1583235.21
2016-05-13,457.24,7106161522.0,1.43337,1737519.23
2016-05-14,458.12,7121450195.0,1.435058,1649230.29
2016-05-15,460.86,7165616823.0,1.443035,1601480.58
2016-05-16,455.22,7079627145.0,1.425455,1604664.87
2016-05-17,453.55,7055125033.0,1.415467,1598748.86
2016-05-18,454.49,7071491932.0,1.417767,1738409.65
2016-05-19,437.72,6811999979.0,1.365837,1313172.56
2016-05-20,442.4,6886364550.0,1.379468,1647928.08
2016-05-21,444.08,6914102782.0,1.384338,1565375.68
2016-05-22,440.56,6861331685.0,1.373245,2026569.88
2016-05-23,444.21,6920120049.0,1.383781,1998922.76
2016-05-24,445.67,6944649150.0,1.387928,1637853.62
2016-05-25,450.55,7022168560.0,1.401851,1554395.87
2016-05-26,454.43,7084240510.0,1.412876,1533713.81
2016-05-27,471.82,7356919396.0,1.46116,1639574.91
2016-05-28,530.91,8280061035.0,1.634739,1765277.74
2016-05-29,527.55,8229583542.0,1.619447,1938745.19
2016-05-30,533.49,8324219565.0,1.632566,1920575.34
2016-05-31,530.94,8286125544.0,1.620984,1685746.22
2016-06-01,537.61,8392142057.0,1.637493,1921968.9
2016-06-02,538.77,8412070381.0,1.635942,1858760.79
2016-06-03,570.18,8904430486.0,1.726074,2024124.76
2016-06-04,574.27,8970015733.0,1.735089,1708441.95
2016-06-05,575.14,8986071871.0,1.734491,2444334.96
2016-06-06,585.86,9156045667.0,1.761247,2489892.88
2016-06-07,578.47,9042608671.0,1.736486,2024642.34
2016-06-08,583.1,9117057926.0,1.74643,2099151.31
2016-06-09,577.1,9025689434.0,1.72627,2380544.51
2016-06-10,579.81,9070211832.0,1.731248,2087333.98
2016-06-11,605.45,9473581895.0,1.803084,2361253.27
2016-06-12,670.39,10492201177.0,1.979789,2446932.17
2016-06-13,704.32,11026059610.0,2.054388,2834895.16
2016-06-14,684.95,10725031134.0,1.991461,2260329.45
2016-06-15,695.0,10885085966.0,2.008173,2641005.58
2016-06-16,767.42,12022161320.0,2.184246,2858639.62
2016-06-17,750.01,11752287634.0,2.12593,2793804.51
2016-06-18,758.29,11884933873.0,2.141559,2995240.68
2016-06-19,766.77,12021211098.0,2.159412,3392944.56
2016-06-20,722.5,11330122759.0,2.032794,2962239.55
2016-06-21,669.6,10503151149.0,1.882904,2494275.66
2016-06-22,594.83,9332237049.0,1.6821,1918336.34
2016-06-23,627.68,9849731876.0,1.771919,2196872.49
2016-06-24,664.13,10423845685.0,1.869883,2141809.53
2016-06-25,668.87,10501041019.0,1.879092,2708934.37
2016-06-26,630.43,9899873514.0,1.77312,2301084.98
2016-06-27,652.24,10244767519.0,1.830858,2396999.67
2016-06-28,647.22,10168218550.0,1.815608,2394709.44
2016-06-29,638.59,10034928538.0,1.79145,2330840.16
2016-06-30,674.28,10598433063.0,1.884637,2528568.06
2016-07-01,677.51,10651789501.0,1.890541,2625360.49
2016-07-02,702.74,11051022772.0,1.956627,2617703.95
2016-07-03,662.55,10421572370.0,1.844706,2550817.83
2016-07-04,679.84,10696138829.0,1.89,2566405.26
2016-07-05,668.17,10514851947.0,1.855021,2422101.68
2016-07-06,677.65,10666493628.0,1.878531,2371779.67
2016-07-07,640.05,10076877246.0,1.775793,2192182.33
2016-07-08,665.05,10472859284.0,1.841936,2410812.44
2016-07-09,651.94,10268410207.0,1.803542,1996572.11
2016-07-10,649.96,10238451114.0,1.796455,1267420.71
2016-07-11,650.27,10244547989.0,1.795047,1162362.26
2016-07-12,670.02,10556900220.0,1.846763,1197666.34
2016-07-13,658.33,10373781515.0,1.81377,1061562.95
2016-07-14,660.91,10415480467.0,1.819674,1164846.75
2016-07-15,666.76,10508840827.0,1.834552,1125155.26
2016-07-16,665.28,10486771968.0,1.829352,1305603.41
2016-07-17,681.09,10737317030.0,1.868951,1268529.38
2016-07-18,675.12,10644433356.0,1.851509,1248969.37
2016-07-19,674.66,10638288185.0,1.847227,1079456.58
2016-07-20,667.31,10523563158.0,1.826639,1251197.56
2016-07-21,666.85,10517518017.0,1.824564,1108641.02
2016-07-22,650.56,10261661311.0,1.780347,1049032.7
2016-07-23,657.38,10370234740.0,1.798601,1076456.38
2016-07-24,661.39,10434613479.0,1.805657,1025160.67
2016-07-25,655.12,10336696888.0,1.787714,1072758.31
2016-07-26,654.63,10329969987.0,1.785226,1055584.97
2016-07-27,656.28,10357038128.0,1.787963,1050040.23
2016-07-28,656.2,10356911757.0,1.786837,1115533.97
2016-07-29,657.56,10379602822.0,1.789356,1208262.03
2016-07-30,655.36,10345916191.0,1.782283,974850.57
2016-07-31,624.8,9864724773.0,1.700898,1202748.64
2016-08-01,606.51,9577030364.0,1.653191,1159948.94
2016-08-02,526.98,8322263415.0,1.446644,1014438.71
2016-08-03,570.35,9008295637.0,1.56457,1183470.11
2016-08-04,583.54,9217820765.0,1.597783,1116024.38
2016-08-05,581.28,9183311869.0,1.591412,1227953.59
2016-08-06,590.8,9334869325.0,1.617231,1225900.46
2016-08-07,594.73,9398174945.0,1.627329,1100254.8
2016-08-08,591.63,9350234098.0,1.618706,1094514.18
2016-08-09,587.93,9292714923.0,1.60898,911294.81
2016-08-10,589.97,9326018819.0,1.615325,1113566.03
2016-08-11,589.59,9321071961.0,1.614393,1105473.53
2016-08-12,587.19,9284313889.0,1.607703,1093644.45
2016-08-13,585.36,9256602279.0,1.602453,1192678.3
2016-08-14,571.39,9036749863.0,1.56451,1164201.14
2016-08-15,566.56,8961511865.0,1.551899,1033980.11
2016-08-16,578.41,9149930418.0,1.583435,976075.18
2016-08-17,573.66,9075653639.0,1.570675,882008.01
2016-08-18,573.26,9070420226.0,1.569435,1103531.64
2016-08-19,573.96,9082525897.0,1.570976,1104870.03
2016-08-20,581.8,9207694159.0,1.589429,1127231.82
2016-08-21,580.79,9192974031.0,1.586252,1183364.09
2016-08-22,584.97,9260287128.0,1.597144,1155319.5
2016-08-23,582.63,9224249078.0,1.590711,1070578.49
2016-08-24,578.7,9163192930.0,1.580339,1099533.48
2016-08-25,576.03,9121877487.0,1.570284,936054.33
2016-08-26,578.87,9167825213.0,1.577461,955143.18
2016-08-27,570.2,9031484019.0,1.554109,1026361.79
2016-08-28,575.11,9110255564.0,1.567208,1092699.94
2016-08-29,573.43,9084774575.0,1.563174,1068012.01
2016-08-30,575.7,9121861557.0,1.568513,1180176.18
2016-08-31,572.27,9068583847.0,1.558083,958556.87
2016-09-01,572.22,9068776166.0,1.557896,1001387.98
2016-09-02,576.85,9143179091.0,1.570013,1103219.44
2016-09-03,600.37,9517044202.0,1.63244,945589.69
2016-09-04,610.54,9679536502.0,1.658657,1366080.82
2016-09-05,607.53,9632847973.0,1.649513,1063172.19
2016-09-06,613.0,9720597611.0,1.662673,1042092.28
2016-09-07,615.66,9764017563.0,1.668617,1169753.66
2016-09-08,630.55,10001305154.0,1.70668,1134990.31
2016-09-09,622.98,9882305092.0,1.685071,1105785.74
2016-09-10,624.75,9911668531.0,1.689004,1210458.24
2016-09-11,608.25,9651049158.0,1.644094,1246905.69
2016-09-12,607.71,9643730238.0,1.642355,1238203.77
2016-09-13,608.69,9660647197.0,1.64324,1255431.99
2016-09-14,609.41,9673243561.0,1.644459,1188355.52
2016-09-15,607.07,9637224395.0,1.637571,1168610.26
2016-09-16,607.81,9649967224.0,1.638437,1056063.69
2016-09-17,607.38,9644457346.0,1.636843,1237539.7
2016-09-18,611.53,9711494484.0,1.647359,1108404.4
2016-09-19,608.87,9670230233.0,1.639809,1012248.55
2016-09-20,608.37,9663444448.0,1.636083,1148301.68
2016-09-21,596.95,9483191384.0,1.60558,1238662.45
2016-09-22,595.56,9462301607.0,1.601866,1049682.81
2016-09-23,602.38,9571587219.0,1.619638,1024043.93
2016-09-24,602.69,9577740940.0,1.620657,1250576.27
2016-09-25,600.61,9546117897.0,1.613736,1388910.75
2016-09-26,606.78,9645324788.0,1.629335,1160464.48
2016-09-27,605.15,9620722204.0,1.624148,1263253.99
2016-09-28,604.69,9614446389.0,1.62251,1118670.01
2016-09-29,605.2,9623733604.0,1.62353,1081799.58
2016-09-30,608.87,9683066605.0,1.632969,1080736.87
2016-10-01,615.41,9788324853.0,1.649737,1207739.14
2016-10-02,611.75,9731190837.0,1.639636,1078206.87
2016-10-03,612.59,9745737268.0,1.640235,1156264.28
2016-10-04,610.01,9705857424.0,1.631785,1204765.57
2016-10-05,612.15,9741183302.0,1.636738,1277858.49
2016-10-06,611.76,9736257394.0,1.635022,1231168.74
2016-10-07,617.91,9835157903.0,1.650574,1104506.45
2016-10-08,619.3,9858675006.0,1.653451,1308273.37
2016-10-09,617.1,9824887959.0,1.647149,1234202.08
2016-10-10,618.09,9841514817.0,1.649056,958032.06
2016-10-11,642.98,10239043682.0,1.711723,1117180.16
2016-10-12,636.6,10138537354.0,1.691653,1145876.28
2016-10-13,635.44,10121177916.0,1.687703,1016710.55
2016-10-14,639.59,10188237764.0,1.697649,1087296.35
2016-10-15,637.28,10152694137.0,1.69097,1131178.67
2016-10-16,642.91,10243420100.0,1.704859,1044733.69
2016-10-17,639.14,10184264280.0,1.69214,998652.4
2016-10-18,635.58,10128752916.0,1.680892,1231429.49
2016-10-19,629.64,10035141891.0,1.664522,983813.61
2016-10-20,628.6,10019590594.0,1.661266,1052903.16
2016-10-21,630.91,10057661337.0,1.665332,1293357.72
2016-10-22,654.51,10435141081.0,1.725813,1219022.33
2016-10-23,651.96,10395711780.0,1.718074,1173531.52
2016-10-24,650.03,10366022954.0,1.711417,1161923.56
2016-10-25,655.79,10459102589.0,1.724324,1139439.48
2016-10-26,675.11,10768355905.0,1.771116,1164564.52
2016-10-27,686.52,10951796742.0,1.796157,1390209.74
2016-10-28,690.39,11014802220.0,1.804158,1311742.24
2016-10-29,715.45,11415870486.0,1.865188,1332517.19
2016-10-30,699.33,11160250071.0,1.822606,1468600.16
2016-10-31,698.9,11154581487.0,1.818386,1284224.58
2016-11-01,730.58,11661529206.0,1.895705,1315041.26
2016-11-02,740.37,11819005785.0,1.917485,1230860.23
2016-11-03,689.94,11015326936.0,1.787303,1336757.21
2016-11-04,705.43,11263702568.0,1.825263,1022876.42
2016-11-05,706.82,11287152647.0,1.8278,1298780.51
2016-11-06,715.9,11433480682.0,1.849625,1369152.78
2016-11-07,706.18,11279602080.0,1.823309,1288780.72
2016-11-08,711.84,11371425390.0,1.83441,1503753.23
2016-11-09,721.5,11527158053.0,1.855656,1325759.02
2016-11-10,713.41,11399343106.0,1.833114,1498155.99
2016-11-11,715.7,11437483628.0,1.83712,1458245.5
2016-11-12,703.85,11249497648.0,1.806221,1478079.86
2016-11-13,703.63,11247212521.0,1.804982,1248936.92
2016-11-14,705.64,11280973045.0,1.808586,1517133.71
2016-11-15,712.35,11389530641.0,1.823412,1389076.95
2016-11-16,742.05,11866029638.0,1.892617,1586132.13
2016-11-17,735.32,11759839928.0,1.872045,1461444.69
2016-11-18,749.58,11989295192.0,1.90458,1386720.65
2016-11-19,751.21,12016781422.0,1.906898,1333404.53
2016-11-20,730.35,11684215201.0,1.853563,1168561.3
2016-11-21,736.51,11783981825.0,1.86694,1279680.88
2016-11-22,748.0,11969083799.0,1.892591,1252896.11
2016-11-23,741.24,11862317941.0,1.869653,1362029.08
2016-11-24,737.35,11801632651.0,1.854833,1493143.83
2016-11-25,739.69,11840334133.0,1.859293,1405401.88
2016-11-26,734.65,11761186228.0,1.845252,1405023.72
2016-11-27,727.74,11651843795.0,1.826814,1309934.01
2016-11-28,730.08,11690828044.0,1.830821,1496669.09
2016-11-29,731.65,11717234335.0,1.833434,1362691.49
2016-11-30,742.2,11887637165.0,1.857418,1317412.9
2016-12-01,753.67,12072731073.0,1.882585,1375456.71
2016-12-02,772.3,12372495475.0,1.923998,1380490.51
2016-12-03,766.11,12274946447.0,1.893951,1647137.51
2016-12-04,766.38,12280685032.0,1.893277,1417803.26
2016-12-05,752.67,12062431724.0,1.857812,1430074.38
2016-12-06,759.12,12167169392.0,1.87197,1423344.99
2016-12-07,764.99,12262923084.0,1.883983,1663848.14
2016-12-08,767.66,12307255552.0,1.887246,1506531.23
2016-12-09,771.9,12376584249.0,1.895914,1302585.17
2016-12-10,775.47,12435140630.0,1.901502,1279533.03
2016-12-11,770.5,12357110241.0,1.888023,1801034.75
2016-12-12,778.51,12487098790.0,1.904864,1518087.87
2016-12-13,778.93,12495634323.0,1.903376,1733120.8
2016-12-14,776.96,12465433895.0,1.896268,1349974.88
2016-12-15,776.18,12454036746.0,1.891363,1232180.64
2016-12-16,782.23,12552466736.0,1.903735,1300457.73
2016-12-17,789.6,12672198174.0,1.919203,1421285.28
2016-12-18,790.63,12690122504.0,1.918922,1393490.6
2016-12-19,790.28,12685933294.0,1.916351,1491651.67
2016-12-20,799.78,12839787155.0,1.935438,1379616.22
2016-12-21,828.48,13302288136.0,1.995463,1646611.31
2016-12-22,858.5,13785965063.0,2.057906,1706271.6
2016-12-23,915.56,14704000146.0,2.177518,1739568.63
2016-12-24,891.16,14313545363.0,2.116354,1526103.4
2016-12-25,896.0,14393261025.0,2.123888,1848006.76
2016-12-26,903.2,14510491264.0,2.135744,1603182.21
2016-12-27,925.95,14877782798.0,2.181445,1805604.08
2016-12-28,979.96,15747603996.0,2.292313,2008920.0
2016-12-29,973.46,15645002162.0,2.265828,1825242.3
2016-12-30,961.18,15449532066.0,2.230305,1886320.97
2016-12-31,968.97,15576503794.0,2.24439,1792595.6
2017-01-01,997.26,16033166929.0,2.301939,1944651.85
2017-01-02,1017.08,16353848176.0,2.335242,2021442.3
2017-01-03,1032.61,16605694522.0,2.35771,2116848.56
2017-01-04,1134.5,18246345823.0,2.557701,2169724.45
2017-01-05,1000.5,16092973485.0,2.23704,1750871.73
2017-01-06,892.46,14357044094.0,2.00165,1796083.71
2017-01-07,903.45,14535387580.0,2.025298,1558456.91
2017-01-08,912.48,14682600908.0,2.043048,1904812.43
2017-01-09,903.51,14539700662.0,2.02053,1535964.73
2017-01-10,906.5,14589634709.0,2.024921,1812997.89
2017-01-11,788.31,12689026925.0,1.768458,1507651.78
2017-01-12,807.11,12993296881.0,1.810774,1735286.14
2017-01-13,826.75,13310975741.0,1.853667,1550150.49
2017-01-14,820.05,13204837500.0,1.838896,1763097.09
2017-01-15,824.55,13279051045.0,1.848235,1721242.0
2017-01-16,830.84,13382120129.0,1.861552,1755145.35
2017-01-17,906.03,14594958398.0,2.022874,1789402.99
2017-01-18,881.26,14197645179.0,1.966419,1652362.15
2017-01-19,902.26,14537996020.0,2.010038,1962423.92
2017-01-20,895.17,14425881540.0,1.992633,2114849.79
2017-01-21,924.47,14900046542.0,2.054219,2091609.44
2017-01-22,922.47,14869799008.0,2.046351,2006365.89
2017-01-23,919.12,14817362336.0,2.036096,1585474.66
2017-01-24,887.74,14313248722.0,1.964517,1653421.7
2017-01-25,895.69,14443045316.0,1.978684,1668222.69
2017-01-26,916.67,14783083523.0,2.021002,1776043.22
2017-01-27,920.45,14846112303.0,2.027103,1955965.73
2017-01-28,922.77,14885292937.0,2.030679,1753272.4
2017-01-29,915.63,14771981710.0,2.009281,1911381.85
2017-01-30,920.31,14849161142.0,2.017267,1656563.87
2017-01-31,968.5,15628390268.0,2.117328,1755404.63
2017-02-01,987.53,15937898190.0,2.15323,2370078.22
2017-02-02,1007.7,16265430337.0,2.190512,1977619.82
2017-02-03,1015.3,16389955944.0,2.198953,1891000.05
2017-02-04,1033.79,16690201717.0,2.233924,1860814.75
2017-02-05,1014.57,16381947062.0,2.189152,2016453.65
2017-02-06,1023.32,16524823456.0,2.202537,1598933.56
2017-02-07,1053.62,17016217921.0,2.259111,1988716.17
2017-02-08,1052.37,16997840733.0,2.250756,1920570.95
2017-02-09,982.75,15875484012.0,2.100323,2076063.47
2017-02-10,996.65,16101828645.0,2.123951,1831344.66
2017-02-11,1011.38,16341484984.0,2.153455,1757264.62
2017-02-12,1006.3,16261183421.0,2.140022,1761018.81
2017-02-13,999.95,16160716999.0,2.122709,2037404.61
2017-02-14,1012.21,16360999468.0,2.145025,2138300.94
2017-02-15,1013.9,16390083680.0,2.146646,1761657.92
2017-02-16,1036.81,16762275451.0,2.190576,1956972.96
2017-02-17,1058.67,17117738325.0,2.228224,1998239.47
2017-02-18,1060.67,17152060499.0,2.228519,2002012.37
2017-02-19,1058.79,17123393629.0,2.221351,1773467.22
2017-02-20,1088.69,17609003081.0,2.278767,2014073.59
2017-02-21,1128.86,18260629743.0,2.353312,1947275.38
2017-02-22,1129.7,18276271622.0,2.343124,1948735.59
2017-02-23,1188.86,19235588833.0,2.451513,2229115.85
2017-02-24,1185.49,19183431396.0,2.427312,2415433.62
2017-02-25,1151.6,18637526263.0,2.355078,2403974.89
2017-02-26,1181.71,19127391990.0,2.411999,2629306.68
2017-02-27,1194.15,19330923263.0,2.429856,2149474.41
2017-02-28,1188.4,19240074535.0,2.412454,2272814.89
2017-03-01,1228.46,19890848403.0,2.481159,2211227.37
2017-03-02,1262.93,20451484174.0,2.53571,2478503.0
2017-03-03,1289.36,20881944223.0,2.571326,2433673.02
2017-03-04,1268.94,20553283951.0,2.524226,2093752.1
2017-03-05,1276.27,20674403462.0,2.532138,2345152.89
2017-03-06,1282.25,20773565473.0,2.532754,2276002.02
2017-03-07,1234.48,20001880904.0,2.433768,2360936.23
2017-03-08,1152.14,18669841119.0,2.270065,2045047.42
2017-03-09,1193.46,19341556301.0,2.346919,2207892.72
2017-03-10,1098.53,17805304675.0,2.162607,2142133.79
2017-03-11,1176.82,19076489140.0,2.311219,2191832.69
2017-03-12,1231.75,19969225806.0,2.412527,2386512.44
2017-03-13,1239.4,20095461364.0,2.410791,2246405.79
2017-03-14,1246.54,20213663790.0,2.418096,2430746.3
2017-03-15,1258.65,20412350080.0,2.430482,2234106.2
2017-03-16,1178.02,19106964811.0,2.270795,2252964.69
2017-03-17,1072.08,17390758588.0,2.070208,2063758.89
2017-03-18,962.57,15616177573.0,1.862604,1889041.77
2017-03-19,1020.22,16553582294.0,1.971341,2104204.27
2017-03-20,1037.76,16839878321.0,2.004777,1764185.79
2017-03-21,1111.82,18043669246.0,2.139538,1973477.42
2017-03-22,1037.3,16836417663.0,1.994859,2061638.86
2017-03-23,1028.17,16690135753.0,1.978002,1902119.78
2017-03-24,935.06,15180766239.0,1.800922,2057139.69
2017-03-25,968.54,15725921903.0,1.862946,1610203.28
2017-03-26,962.96,15637233759.0,1.850549,1998137.96
2017-03-27,1042.92,16937423478.0,1.998694,1720816.68
2017-03-28,1045.16,16975887613.0,1.999394,2025003.18
2017-03-29,1039.69,16888765398.0,1.987273,1793462.86
2017-03-30,1037.99,16863262866.0,1.981637,2127874.71
2017-03-31,1081.74,17575951028.0,2.057242,1825442.21
2017-04-01,1089.52,17704176777.0,2.068624,1797715.87
2017-04-02,1105.56,17966971909.0,2.09582,2183486.84
2017-04-03,1144.66,18604950334.0,2.162528,2518262.5
2017-04-04,1141.92,18562153298.0,2.153255,1784253.0
2017-04-05,1135.81,18465129661.0,2.137358,2300018.58
2017-04-06,1194.6,19423001888.0,2.23959,2195070.99
2017-04-07,1191.73,19378832835.0,2.226474,2413256.19
2017-04-08,1184.42,19261932037.0,2.210012,2028315.35
2017-04-09,1213.63,19739484515.0,2.258627,2412097.85
2017-04-10,1211.65,19709437324.0,2.249753,2226406.65
2017-04-11,1229.78,20007000414.0,2.277112,2567176.05
2017-04-12,1216.11,19786756714.0,2.246256,2158603.0
2017-04-13,1172.56,19079940944.0,2.165041,1861436.36
2017-04-14,1174.33,19110862530.0,2.165228,2040403.99
2017-04-15,1175.56,19133066482.0,2.165908,2204179.1
2017-04-16,1173.69,19104759790.0,2.161252,2141986.77
2017-04-17,1191.9,19403226165.0,2.187661,2056029.57
2017-04-18,1202.13,19571960689.0,2.201667,2193889.91
2017-04-19,1209.56,19695082030.0,2.211344,2162090.12
2017-04-20,1235.8,20124510672.0,2.252766,2131760.3
2017-04-21,1247.34,20314924260.0,2.269405,2603814.05
2017-04-22,1243.55,20255522193.0,2.260164,2253935.09
2017-04-23,1250.0,20362991160.0,2.268749,2390627.84
2017-04-24,1257.24,20482848937.0,2.275706,1948721.14
2017-04-25,1279.86,20853825941.0,2.309369,2367749.73
2017-04-26,1296.49,21127120045.0,2.332168,2479528.44
2017-04-27,1345.89,21934673310.0,2.409962,2473072.79
2017-04-28,1347.99,21971111454.0,2.40108,2291574.76
2017-04-29,1357.72,22132640554.0,2.41224,2936059.24
2017-04-30,1381.96,22530412835.0,2.446376,2608442.65
2017-05-01,1436.94,23429544485.0,2.525604,2694265.29
2017-05-02,1463.82,23870678471.0,2.557084,2891042.66
2017-05-03,1519.41,24779696475.0,2.637399,2507024.76
2017-05-04,1539.83,25115973329.0,2.647484,3233643.11
2017-05-05,1529.85,24955664080.0,2.611012,2466883.84
2017-05-06,1573.29,25667501899.0,2.671061,3303899.57
2017-05-07,1526.27,24903613050.0,2.585168,3186083.97
2017-05-08,1685.09,27498797785.0,2.820268,3791444.62
2017-05-09,1719.23,28059281601.0,2.850015,3331004.28
2017-05-10,1782.5,29095216205.0,2.92992,3297623.15
2017-05-11,1835.49,29963230354.0,2.9818,3097385.24
2017-05-12,1704.66,27830857573.0,2.758477,3281473.66
2017-05-13,1779.84,29061763163.0,2.865051,3515184.51
2017-05-14,1794.59,29306338268.0,2.879843,3678916.78
2017-05-15,1736.88,28367593223.0,2.775699,3690876.05
2017-05-16,1757.03,28699495338.0,2.795176,2899094.47
2017-05-17,1808.75,29547786219.0,2.851413,3504445.5
2017-05-18,1894.25,30947901332.0,2.96697,3362288.89
2017-05-19,1967.55,32149470137.0,3.052101,4033468.37
2017-05-20,2048.12,33470233811.0,3.149886,4224242.71
2017-05-21,2045.22,33426678946.0,3.122755,3758096.33
2017-05-22,2078.94,33981601941.0,3.124611,3794071.89
2017-05-23,2257.29,36901498031.0,3.327395,4740305.56
2017-05-24,2415.01,39484489321.0,3.495139,4648888.91
2017-05-25,2319.6,37929364613.0,3.297062,4726187.81
2017-05-26,2279.42,37276668053.0,3.207038,4359388.04
2017-05-27,2044.3,33435937258.0,2.875389,4293031.05
2017-05-28,2225.7,36407455223.0,3.110062,4590508.04
2017-05-29,2284.72,37377119026.0,3.17152,4312401.07
2017-05-30,2167.26,35460507433.0,2.996051,4849254.27
2017-05-31,2299.43,37627739545.0,3.14282,4713836.85
2017-06-01,2399.89,39276677606.0,3.241852,5099761.22
2017-06-02,2479.42,40582896889.0,3.32189,4524948.61
2017-06-03,2549.55,41736862990.0,3.384995,6118924.68
2017-06-04,2524.99,41339921429.0,3.330169,5081550.09
2017-06-05,2685.32,43970314463.0,3.498373,5504903.78
2017-06-06,2871.34,47021733324.0,3.687343,5419657.42
2017-06-07,2706.76,44332089814.0,3.455637,5582692.52
2017-06-08,2802.56,45906967853.0,3.540008,5780287.32
2017-06-09,2804.87,45950079689.0,3.509081,5294196.4
2017-06-10,2916.33,47781111554.0,3.603757,5140027.85
2017-06-11,2974.21,48734955097.0,3.640194,5427941.57
2017-06-12,2665.43,43680217096.0,3.228005,4897733.63
2017-06-13,2707.14,44368428525.0,3.241146,4771330.41
2017-06-14,2443.82,40057150815.0,2.919798,4276692.79
2017-06-15,2409.89,39505481201.0,2.87372,4608908.44
2017-06-16,2476.36,40599749114.0,2.934131,4581264.33
2017-06-17,2652.76,43496562774.0,3.127298,4808119.1
2017-06-18,2508.21,41131103917.0,2.936776,4546138.25
2017-06-19,2589.64,42471293997.0,3.007236,4887949.68
2017-06-20,2733.23,44830856447.0,3.145524,4714815.81
2017-06-21,2639.26,43294240942.0,3.02521,4618707.3
2017-06-22,2686.65,44076228598.0,3.057431,4668050.06
2017-06-23,2685.87,44068852430.0,3.041586,5371740.94
2017-06-24,2562.19,42044207206.0,2.899106,4675995.2
2017-06-25,2497.73,40990257366.0,2.823896,3809036.64
2017-06-26,2426.37,39823410571.0,2.741771,4306797.97
2017-06-27,2530.35,41534163466.0,2.8471,4143440.82
2017-06-28,2562.79,42071787287.0,2.869734,5029479.82
2017-06-29,2540.44,41708704321.0,2.833386,3810664.55
2017-06-30,2452.71,40273068763.0,2.72357,4721470.72
2017-07-01,2412.37,39615542859.0,2.676044,4945350.74
2017-07-02,2518.87,41370488523.0,2.784557,5919349.64
2017-07-03,2551.93,41918817680.0,2.806769,5422845.79
2017-07-04,2599.74,42709253032.0,2.848519,4972011.83
2017-07-05,2608.1,42851453106.0,2.842136,4857595.36
2017-07-06,2603.2,42775411503.0,2.827841,4620671.97
2017-07-07,2495.78,41015005023.0,2.700918,4617194.71
2017-07-08,2553.49,41968715693.0,2.756382,5266581.7
2017-07-09,2506.17,41195281328.0,2.703144,4323148.79
2017-07-10,2319.37,38130359539.0,2.506679,5711440.98
2017-07-11,2319.17,38132095672.0,2.504064,5015199.59
2017-07-12,2374.89,39053487322.0,2.560793,5254435.86
2017-07-13,2343.74,38545879294.0,2.523245,4599586.51
2017-07-14,2214.83,36429580815.0,2.385478,3848258.85
2017-07-15,1989.63,32728766810.0,2.151629,3158542.69
2017-07-16,1910.75,31435051662.0,2.072534,3893152.19
2017-07-17,2215.75,36456861658.0,2.38704,4099130.65
2017-07-18,2303.76,37909768672.0,2.472869,4751507.36
2017-07-19,2257.07,37145563305.0,2.418007,4203784.0
2017-07-20,2823.9,46479908649.0,2.980083,5718393.3
2017-07-21,2666.14,43888421936.0,2.803243,5132318.96
2017-07-22,2829.75,46587404301.0,2.956705,5659508.11
2017-07-23,2753.24,45333705064.0,2.868301,5919474.31
2017-07-24,2755.16,45371377699.0,2.857169,6130229.94
2017-07-25,2558.69,42140742568.0,2.631757,4733582.05
2017-07-26,2522.32,41546403806.0,2.587555,4634771.54
2017-07-27,2665.15,43904037844.0,2.708952,5130409.03
2017-07-28,2793.83,46029171038.0,2.775969,5238437.78
2017-07-29,2706.45,44594828238.0,2.650453,5311409.63
2017-07-30,2749.38,45307309969.0,2.634291,5051994.07
2017-07-31,2862.61,47178370615.0,2.664403,5188482.96
2017-08-01,2727.39,44954870204.0,2.512344,5079762.35
2017-08-02,2690.15,44346106068.0,2.456675,5111276.78
2017-08-03,2789.75,45992799938.0,2.516337,4812312.39
2017-08-04,2860.27,47161926534.0,2.526903,6399860.49
2017-08-05,3237.42,53387777582.0,2.80582,7162799.19
2017-08-06,3230.12,53272937538.0,2.743602,5652704.24
2017-08-07,3392.56,55958573636.0,2.817381,6488275.63
2017-08-08,3425.68,56511797951.0,2.797012,7022637.06
2017-08-09,3347.22,55223234127.0,2.70305,5773946.62
2017-08-10,3437.03,56710810917.0,2.749118,5757028.86
2017-08-11,3660.52,60404943871.0,2.896087,6588936.97
2017-08-12,3871.08,63886112715.0,3.020402,6532451.56
2017-08-13,4063.8,67074148205.0,3.128654,7518031.95
2017-08-14,4304.6,71055660578.0,3.255442,6994981.39
2017-08-15,4160.03,68677106425.0,3.115361,7904058.04
2017-08-16,4364.68,72062692117.0,3.229365,7092602.68
2017-08-17,4308.52,71145078749.0,3.143492,9640306.48
2017-08-18,4108.51,67850038464.0,2.975412,7652094.59
2017-08-19,4160.33,68713761144.0,2.977496,7852627.51
2017-08-20,4085.81,67489563565.0,2.889323,6639441.89
2017-08-21,3992.63,65956080358.0,2.808664,5739399.93
2017-08-22,4074.33,67310327159.0,2.84203,4532692.64
2017-08-23,4146.92,68517713978.0,2.864845,8241994.25
2017-08-24,4325.82,71479081624.0,2.967808,5461343.24
2017-08-25,4353.13,71935931729.0,2.967517,5495828.86
2017-08-26,4341.98,71757325229.0,2.943486,5698847.07
2017-08-27,4344.9,71814078737.0,2.931162,8418250.42
2017-08-28,4379.76,72397327204.0,2.933653,7062369.32
2017-08-29,4600.46,76053940776.0,3.038754,8568350.85
2017-08-30,4586.63,75835035217.0,3.006695,9631928.75
2017-08-31,4740.36,78386345982.0,3.066772,9658475.79
2017-09-01,4918.17,81337302684.0,3.142498,10697011.58
2017-09-02,4595.02,76002486195.0,2.919909,9419791.04
2017-09-03,4625.3,76512165470.0,2.924735,8903695.41
2017-09-04,4374.75,72377228115.0,2.751622,9569773.27
2017-09-05,4454.05,73700143236.0,2.787426,10968104.37
2017-09-06,4607.52,76248805470.0,2.862042,9330220.97
2017-09-07,4635.11,76715672194.0,2.845838,10197246.13
2017-09-08,4345.46,71931114925.0,2.666195,9505688.62
2017-09-09,4335.59,71776989942.0,2.6554,9158941.16
2017-09-10,4261.84,70563390453.0,2.598793,7351680.07
2017-09-11,4212.55,69756359191.0,2.564543,9162290.97
2017-09-12,4164.32,68967526612.0,2.531024,9786150.67
2017-09-13,3887.12,64385886678.0,2.367972,9231906.64
2017-09-14,3247.47,53797846714.0,1.995211,7063244.51
2017-09-15,3699.22,61289969016.0,2.263209,8323251.62
2017-09-16,3711.23,61496818023.0,2.265888,7839982.57
2017-09-17,3711.86,61515288495.0,2.264786,8166083.65
2017-09-18,4080.43,67629984374.0,2.479151,6477680.15
2017-09-19,3925.74,65073733640.0,2.381097,7655185.57
2017-09-20,3895.78,64582823404.0,2.359656,5697573.98
2017-09-21,3617.24,59973348986.0,2.193094,7957935.62
2017-09-22,3619.21,60012303858.0,2.19169,6288383.84
2017-09-23,3775.6,62613280674.0,2.282534,7834371.23
2017-09-24,3676.9,60983077171.0,2.222429,6664375.71
2017-09-25,3918.74,65000249826.0,2.342873,6123028.24
2017-09-26,3890.09,64531789181.0,2.320525,6710406.87
2017-09-27,4207.79,69809713133.0,2.496867,7731809.5
2017-09-28,4187.77,69486873130.0,2.475016,9265440.67
2017-09-29,4155.01,68952075465.0,2.449546,8777458.88
2017-09-30,4334.54,71938913743.0,2.542041,7477089.46
2017-10-01,4382.09,72735077240.0,2.561949,7120891.21
2017-10-02,4386.88,72822788728.0,2.551366,8225391.97
2017-10-03,4306.56,71499464248.0,2.497429,9851266.62
2017-10-04,4216.68,70014303218.0,2.440558,7062947.08
2017-10-05,4319.42,71726893837.0,2.482867,6749095.18
2017-10-06,4365.92,72507648477.0,2.501125,8677257.47
2017-10-07,4438.86,73727781716.0,2.535902,8766740.47
2017-10-08,4600.74,76427080461.0,2.615235,10466683.04
2017-10-09,4777.53,79373595751.0,2.689821,9614788.5
2017-10-10,4741.08,78777388382.0,2.651709,9482155.83
2017-10-11,4814.97,80013491739.0,2.682356,8366005.37
2017-10-12,5393.67,89640478589.0,2.973516,10315391.93
2017-10-13,5614.08,93313118336.0,3.050397,9543931.77
2017-10-14,5785.74,96176536828.0,3.1216,10197363.78
2017-10-15,5689.87,94596701288.0,3.050727,13869046.08
2017-10-16,5756.15,95711219683.0,3.058132,12519623.67
2017-10-17,5590.42,92966938475.0,2.950266,11460353.46
2017-10-18,5583.87,92868621710.0,2.931649,10539555.43
2017-10-19,5708.31,94950999937.0,2.968919,12700996.4
2017-10-20,6000.88,99830983341.0,3.098057,13426976.0
2017-10-21,6030.21,100330364282.0,3.095796,11532772.59
2017-10-22,5996.6,99784808761.0,3.048341,13642260.77
2017-10-23,5888.25,97994456563.0,2.939514,12586134.41
2017-10-24,5517.78,91840397165.0,2.739992,11518356.05
2017-10-25,5736.02,95486189643.0,2.831672,13264541.17
2017-10-26,5900.32,98234529051.0,2.897013,13275714.89
2017-10-27,5771.95,96104752754.0,2.822588,7503528.56
2017-10-28,5762.39,95951756985.0,2.810721,6122537.86
2017-10-29,6174.73,102829680333.0,2.992846,11886353.03
2017-10-30,6119.26,101917124317.0,2.946399,11244133.61
2017-10-31,6428.51,107078955661.0,3.070516,11089187.75
2017-11-01,6726.41,112054108123.0,3.171943,13116503.08
2017-11-02,7043.78,117354261151.0,3.267834,13207083.64
2017-11-03,7198.63,119944947796.0,3.299663,10707965.26
2017-11-04,7420.5,123653778148.0,3.374587,12058309.38
2017-11-05,7371.14,122844259916.0,3.319559,12991632.54
2017-11-06,6985.26,116425041612.0,3.128424,11613001.14
2017-11-07,7118.2,118654642803.0,3.160644,13880494.96
2017-11-08,7451.21,124219064692.0,3.27771,13412183.02
2017-11-09,7117.74,118673324666.0,3.102208,13612674.02
2017-11-10,6620.57,110393978633.0,2.868894,9930851.0
2017-11-11,6346.72,105834109881.0,2.735359,6346721.45
2017-11-12,5829.1,97208358771.0,2.469698,5829097.83
2017-11-13,6519.45,108732275281.0,2.726643,11409029.05
2017-11-14,6592.37,109959147531.0,2.740712,10547799.04
2017-11-15,7257.37,121064949584.0,2.976148,13789009.1
2017-11-16,7833.7,130693988524.0,3.155622,14884038.42
2017-11-17,7729.03,128963836442.0,3.065518,16134356.95
2017-11-18,7796.15,130097046001.0,3.067482,13253462.21
2017-11-19,8018.32,133820448817.0,3.126647,16036641.38
2017-11-20,8269.87,138036801223.0,3.184018,18090349.94
2017-11-21,8092.0,135085275818.0,3.076932,17498945.86
2017-11-22,8249.6,137731449923.0,3.113683,15261755.06
2017-11-23,8071.67,134776695432.0,3.02552,15840652.02
2017-11-24,8232.42,137476193155.0,3.049324,15332886.6
2017-11-25,8760.17,146306248216.0,3.197965,17082322.61
2017-11-26,9319.9,155672428868.0,3.348573,17824315.09
2017-11-27,9730.73,162555212918.0,3.431898,20677798.23
2017-11-28,9932.19,165940133782.0,3.424057,19367778.65
2017-11-29,9800.03,163753179019.0,3.316186,21192559.58
2017-11-30,9996.71,167060587956.0,3.339582,20868142.5
2017-12-01,10808.96,180659157833.0,3.552873,24725492.19
2017-12-02,10934.86,182785463832.0,3.545265,22006405.72
2017-12-03,11213.94,187475238157.0,3.599969,24670673.84
2017-12-04,11562.13,193322386458.0,3.653712,26159315.88
2017-12-05,11736.75,196268293424.0,3.653103,26114277.8
2017-12-06,13992.13,234016819443.0,4.210968,32881510.99
2017-12-07,17032.29,284895527864.0,4.716658,32361357.42
2017-12-08,16298.49,272653093293.0,4.346864,31782050.31
2017-12-09,15050.02,251800579160.0,3.964605,32733797.75
2017-12-10,15475.0,258942565166.0,4.00841,31723749.06
2017-12-11,16873.5,282379648925.0,4.256073,36067101.52
2017-12-12,17433.93,291792545813.0,4.239274,33996164.94
2017-12-13,16515.15,276453308739.0,3.93576,38397729.73
2017-12-14,16602.89,277960419436.0,3.899479,38394189.61
2017-12-15,17702.0,296398758943.0,4.078689,37395479.59
2017-12-16,19640.51,328898790192.0,4.430766,41981598.43
2017-12-17,19250.47,322411617616.0,4.251934,44516706.44
2017-12-18,18982.03,317958857883.0,4.129958,43184106.93
2017-12-19,17653.33,295733348356.0,3.805508,30893320.66
2017-12-20,16453.63,275663636518.0,3.492262,27971166.34
2017-12-21,15633.83,261954631857.0,3.301543,25795825.52
2017-12-22,14305.72,239728949026.0,3.010163,27717329.29
2017-12-23,14910.86,249895523157.0,3.1196,25907615.96
2017-12-24,14026.35,235098385262.0,2.925117,26650059.05
2017-12-25,14080.94,236037231092.0,2.929503,23761590.06
2017-12-26,15727.15,263660263813.0,3.237883,27915683.23
2017-12-27,15389.0,258021387628.0,3.131188,30008551.12
2017-12-28,14289.45,239612301936.0,2.900157,26614104.74
2017-12-29,14571.75,244375993509.0,2.940802,30054226.29
2017-12-30,12948.72,217180538389.0,2.602429,23793265.43
2017-12-31,13921.48,233524465189.0,2.787267,28365016.81
2018-01-01,13464.65,225887722581.0,2.694235,26256074.54
2018-01-02,14754.32,247555189825.0,2.925443,31537363.71
2018-01-03,15010.29,251879335164.0,2.960267,29457686.59
2018-01-04,15070.3,252918055362.0,2.944022,31647631.68
2018-01-05,16997.23,285287177348.0,3.261964,30382543.99
2018-01-06,17103.59,287108308287.0,3.24693,35917537.49
2018-01-07,16231.69,272505179860.0,3.042781,32869182.37
2018-01-08,14937.42,250807207092.0,2.801525,30995136.31
2018-01-09,14378.59,241453646852.0,2.690171,29476101.75
2018-01-10,14669.09,246362365863.0,2.733345,30438358.15
2018-01-11,13186.75,221498893135.0,2.454007,31813046.3
2018-01-12,13789.44,231652981446.0,2.55762,30681512.15
2018-01-13,14231.23,239101104762.0,2.631278,26505656.68
2018-01-14,13681.07,229884291706.0,2.526065,26507064.33
2018-01-15,13591.7,228408095575.0,2.508049,25484430.37
2018-01-16,11431.04,192121046222.0,2.120797,22719192.21
2018-01-17,11159.61,187582403001.0,2.073764,23295682.93
2018-01-18,11246.04,189059547788.0,2.093523,24319560.92
2018-01-19,11440.26,192348146653.0,2.129939,23595527.1
2018-01-20,12768.4,214707089256.0,2.370809,28409700.2
2018-01-21,11422.39,192099954357.0,2.126173,26699846.58
2018-01-22,10737.35,180601416230.0,2.002688,22414219.33
2018-01-23,10849.39,182509946645.0,2.027662,24004279.53
2018-01-24,11225.9,188868250111.0,2.097536,24696971.58
2018-01-25,11130.46,187284665738.0,2.080006,21982668.27
2018-01-26,11035.55,185709056259.0,2.057916,21381387.06
2018-01-27,11320.97,190534317916.0,2.108834,22217403.99
2018-01-28,11615.96,195521978595.0,2.1541,22941518.45
2018-01-29,11132.55,187405821049.0,2.065527,20595225.48
2018-01-30,9959.55,167680159360.0,1.859168,20790553.77
2018-01-31,10050.1,169219353158.0,1.877944,14698265.1
2018-02-01,9039.87,152227586138.0,1.69692,18079730.15
2018-02-02,8786.08,147972357159.0,1.661519,18450762.5
2018-02-03,9132.1,153818002832.0,1.728782,18035898.14
2018-02-04,8250.53,138987436239.0,1.561847,18357422.34
2018-02-05,6849.54,115402453263.0,1.308319,15839567.17
2018-02-06,7738.64,130398654837.0,1.481012,16444618.41
2018-02-07,7624.6,128490337875.0,1.464846,13438349.37
2018-02-08,8218.58,138513689946.0,1.58085,13457926.14
2018-02-09,8660.45,145975503392.0,1.666092,14614515.23
2018-02-10,8530.29,143796839807.0,1.641395,15247898.39
2018-02-11,8096.73,136503442481.0,1.559715,15282575.01
2018-02-12,8907.67,150193661791.0,1.713646,18483415.62
2018-02-13,8523.97,143741453662.0,1.642419,17474132.21
2018-02-14,9467.3,159670278815.0,1.81958,21183086.06
2018-02-15,10106.73,170471136968.0,1.934822,16549775.42
2018-02-16,10189.32,171884074815.0,1.947486,19996533.6
2018-02-17,11085.6,187024145184.0,2.113607,20646927.05
2018-02-18,10452.09,176357479896.0,1.991085,21165486.25
2018-02-19,11139.36,187976194476.0,2.114854,22557195.35
2018-02-20,11245.93,189794491196.0,2.127806,19820955.71
2018-02-21,10458.87,176533469480.0,1.97827,22094352.5
2018-02-22,9878.16,166750223696.0,1.846073,18398071.03
2018-02-23,10159.07,171510918791.0,1.895771,18794271.38
2018-02-24,9686.6,163552082148.0,1.809329,17556965.73
2018-02-25,9603.23,162164887219.0,1.794098,20526898.73
2018-02-26,10312.37,174157924575.0,1.924091,18175544.57
2018-02-27,10654.11,179950653848.0,1.9846,21308214.59
2018-02-28,10307.02,174108312562.0,1.91775,19969860.87
2018-03-01,10923.63,184546671785.0,2.027591,22529988.65
2018-03-02,11014.06,186095856775.0,2.041105,21477414.01
2018-03-03,11425.68,193076418415.0,2.114645,25707781.27
2018-03-04,11462.58,193721221886.0,2.117157,21205778.92
2018-03-05,11540.66,195062277839.0,2.124487,21494483.57
2018-03-06,10677.04,180485923073.0,1.967271,20820218.7
2018-03-07,9903.09,167422408356.0,1.827208,19434804.41
2018-03-08,9330.48,157760715443.0,1.724809,18894212.79
2018-03-09,9278.14,156892740604.0,1.724718,16932604.01
2018-03-10,8786.56,148595551651.0,1.63631,15376480.74
2018-03-11,9513.54,160908118884.0,1.769582,18194636.45
2018-03-12,9147.89,154742152551.0,1.703313,18410128.99
2018-03-13,9160.54,154974273659.0,1.707024,18092072.29
2018-03-14,8222.13,139113345205.0,1.536916,14799829.03
2018-03-15,8268.59,139914335209.0,1.547492,14883460.42
2018-03-16,8376.9,141763494802.0,1.569584,16334963.77
2018-03-17,7881.66,133397116859.0,1.478962,14679595.33
2018-03-18,8189.02,138614553161.0,1.537213,15456769.06
2018-03-19,8537.02,144521631437.0,1.602624,16540467.77
2018-03-20,8895.55,150605270577.0,1.669848,14121681.15
2018-03-21,8879.59,150352052269.0,1.666854,16871229.09
2018-03-22,8710.66,147507258760.0,1.636604,15570313.57
2018-03-23,8771.75,148556200041.0,1.648304,14583028.26
2018-03-24,8610.99,145850435654.0,1.617872,16791427.61
2018-03-25,8440.61,142978872726.0,1.587853,14243530.93
2018-03-26,8171.18,138430269670.0,1.540562,15320970.66
2018-03-27,7837.27,132788146745.0,1.479724,14890804.11
2018-03-28,7933.64,134434473960.0,1.499953,13388022.11
2018-03-29,7108.57,120467251234.0,1.349021,13506284.55
2018-03-30,6832.15,115796633032.0,1.300767,13835101.86
2018-03-31,6922.28,117335340577.0,1.318753,11075650.08
2018-04-01,6804.52,115353102998.0,1.298044,13779162.88
2018-04-02,7033.26,119244423032.0,1.342699,13714856.24
2018-04-03,7420.8,125830051367.0,1.417529,15119881.05
2018-04-04,6780.54,114986059183.0,1.29796,12459248.87
2018-04-05,6798.42,115302512668.0,1.303129,13256924.1
2018-04-06,6610.49,112126583471.0,1.269632,11403099.3
2018-04-07,6886.47,116823177435.0,1.323492,15494556.31
2018-04-08,7010.0,118932810742.0,1.347584,14107617.16
2018-04-09,6736.89,114311672118.0,1.297338,12379040.56
2018-04-10,6816.72,115680131309.0,1.314359,13974273.16
2018-04-11,6944.79,117867416605.0,1.339195,13976381.54
2018-04-12,7904.33,134168090915.0,1.522158,15215835.78
2018-04-13,7919.06,134434525999.0,1.523696,16333070.93
2018-04-14,8006.42,135931151075.0,1.540378,13710990.73
2018-04-15,8342.27,141650187329.0,1.604063,16997377.37
2018-04-16,8046.98,136650419245.0,1.547772,14182806.01
2018-04-17,7887.74,133962175228.0,1.517917,15972669.36
2018-04-18,8162.83,138650636285.0,1.570023,16325669.72
2018-04-19,8272.97,140539709294.0,1.586127,18407352.28
2018-04-20,8839.5,150179023464.0,1.691311,15137645.69
2018-04-21,8863.54,150605063051.0,1.693784,17616287.4
2018-04-22,8800.96,149559305824.0,1.680926,17601918.17
2018-04-23,8930.78,151782579436.0,1.703395,17080125.61
2018-04-24,9652.21,164062766308.0,1.835311,19183774.91
2018-04-25,8855.51,150534451808.0,1.684556,13615344.99
2018-04-26,9264.73,157507070083.0,1.757081,16329082.09
2018-04-27,8981.33,152705064059.0,1.704028,15941862.15
2018-04-28,9341.82,158849307910.0,1.770916,14946919.5
2018-04-29,9397.0,159806033177.0,1.780548,18559070.32
2018-04-30,9228.73,156962282342.0,1.7474,17880657.56
2018-05-01,9072.17,154317464332.0,1.717246,17917533.3
2018-05-02,9204.13,156578190321.0,1.738652,16107223.37
2018-05-03,9750.7,165894741989.0,1.839048,18404446.53
2018-05-04,9696.64,164991759226.0,1.826625,16726709.02
2018-05-05,9795.93,166700806033.0,1.843938,19714300.62
2018-05-06,9595.09,163299488642.0,1.805778,16431586.18
2018-05-07,9339.51,158967333946.0,1.757624,17511582.84
2018-05-08,9212.37,156819276398.0,1.733872,16006492.24
2018-05-09,9293.04,158211127489.0,1.747233,18586084.55
2018-05-10,9037.53,153878517154.0,1.698871,17397246.23
2018-05-11,8419.76,143373321270.0,1.584939,13366366.76
2018-05-12,8485.78,144514968309.0,1.597443,17501911.49
2018-05-13,8695.83,148108395237.0,1.636809,16087291.22
2018-05-14,8671.07,147701005850.0,1.623612,14307272.39
2018-05-15,8488.46,144605949351.0,1.589582,15491445.74
2018-05-16,8327.76,141886841024.0,1.561321,18633354.5
2018-05-17,8050.52,137176558812.0,1.504269,13283351.79
2018-05-18,8233.09,140302690394.0,1.539287,15231209.94
2018-05-19,8229.48,140257123405.0,1.538218,15841754.65
2018-05-20,8511.45,145078058846.0,1.590363,15320607.89
2018-05-21,8398.62,143171421543.0,1.568834,16482297.89
2018-05-22,8007.53,136519507769.0,1.497171,15114206.33
2018-05-23,7520.87,128237740095.0,1.408102,15229757.05
2018-05-24,7575.62,129184935653.0,1.418265,13541428.77
2018-05-25,7425.38,126639121906.0,1.391505,16335826.48
2018-05-26,7326.3,124964285196.0,1.373605,14835763.95
2018-05-27,7338.19,125182133039.0,1.376448,15043295.74
2018-05-28,7110.82,121317311762.0,1.335974,13866106.57
2018-05-29,7453.63,127178919277.0,1.400886,12950688.6
2018-05-30,7374.67,125847610692.0,1.386647,16039905.18
2018-05-31,7478.74,127639489899.0,1.406892,15892326.47
2018-06-01,7519.84,128356441556.0,1.415241,15603659.15
2018-06-02,7637.45,130378486454.0,1.437303,14511151.68
2018-06-03,7702.16,131498835221.0,1.449196,15693146.79
2018-06-04,7486.65,127836651624.0,1.409528,17125719.19
2018-06-05,7611.15,129979115426.0,1.43372,16649390.3
2018-06-06,7650.78,130669884421.0,1.441331,14058300.55
2018-06-07,7665.95,130942715943.0,1.444502,13702881.86
2018-06-08,7622.6,130216094924.0,1.437122,13815966.72
2018-06-09,7556.17,129094774240.0,1.425182,13506656.91
2018-06-10,6744.74,115242359003.0,1.27552,10707268.08
2018-06-11,6849.45,117043566260.0,1.297509,11986542.2
2018-06-12,6526.7,111540186919.0,1.23858,11829643.17
2018-06-13,6306.51,107788509789.0,1.200929,11272892.29
2018-06-14,6629.77,113326173420.0,1.263248,12679435.36
2018-06-15,6399.67,109405258627.0,1.220971,12239376.61
2018-06-16,6495.32,111053766098.0,1.239558,13477779.27
2018-06-17,6450.69,110303511513.0,1.231727,12659486.92
2018-06-18,6703.81,114645451014.0,1.280568,13742815.81
2018-06-19,6732.51,115149244503.0,1.286646,13044235.82
2018-06-20,6753.21,115516336693.0,1.291231,13084338.23
2018-06-21,6720.37,114968985603.0,1.284665,14280793.12
2018-06-22,6059.58,103675812242.0,1.161136,11437449.43
2018-06-23,6174.23,105649754026.0,1.183846,12348451.56
2018-06-24,6146.49,105188245647.0,1.179637,13138116.38
2018-06-25,6243.54,106861339066.0,1.199072,12252938.3
2018-06-26,6096.13,104349523004.0,1.171832,11125435.0
2018-06-27,6139.19,105095896986.0,1.190005,9285524.4
2018-06-28,5858.64,100304632985.0,1.137764,11497572.71
2018-06-29,6220.91,106518869341.0,1.208341,11741974.64
2018-06-30,6375.54,109177747555.0,1.238515,11236891.42
2018-07-01,6361.4,108947319053.0,1.238606,11689077.17
2018-07-02,6608.37,113188557637.0,1.286334,11647247.11
2018-07-03,6498.31,111312877114.0,1.265794,9422546.4
2018-07-04,6579.33,112711825500.0,1.281377,11020383.41
2018-07-05,6535.3,111968645594.0,1.273245,11191698.51
2018-07-06,6598.46,113063968657.0,1.286613,13196918.19
2018-07-07,6737.86,115465661540.0,1.313782,13138819.36
2018-07-08,6704.92,114914482589.0,1.308656,13242216.96
2018-07-09,6664.02,114224903788.0,1.300988,11328840.96
2018-07-10,6309.08,108152793264.0,1.233046,11750668.96
2018-07-11,6377.98,109344538489.0,1.247466,10762835.36
2018-07-12,6159.47,105609244490.0,1.206218,10856060.02
2018-07-13,6208.99,106469386228.0,1.217225,11098561.71
2018-07-14,6255.11,107270752476.0,1.226671,10399124.5
2018-07-15,6347.6,108867474201.0,1.244808,10552892.11
2018-07-16,6710.81,115106821467.0,1.315681,10066211.16
2018-07-17,7320.59,125580721821.0,1.433094,14549682.22
2018-07-18,7376.04,126547867224.0,1.443399,16042883.39
2018-07-19,7467.03,128125010853.0,1.460186,15960785.81
2018-07-20,7327.26,125740705993.0,1.432654,14104969.11
2018-07-21,7410.57,127183034589.0,1.448338,12690593.62
2018-07-22,7399.48,127009676955.0,1.445834,16833825.52
2018-07-23,7716.16,132461306960.0,1.506196,16011029.15
2018-07-24,8397.62,144176409303.0,1.635814,16690262.84
2018-07-25,8202.72,140848438885.0,1.596352,18148518.87
2018-07-26,7913.93,135905971504.0,1.540404,16322482.23
2018-07-27,8173.77,140385333661.0,1.589537,17062754.5
2018-07-28,8190.36,140685035244.0,1.591958,14845027.6
2018-07-29,8229.61,141376644218.0,1.598094,17487912.41
2018-07-30,8171.84,140397962725.0,1.586315,13687831.19
2018-07-31,7725.13,132737425419.0,1.500025,14194931.95
2018-08-01,7596.7,130544828992.0,1.475488,14243808.77
2018-08-02,7542.69,129631238286.0,1.465503,14425403.54
2018-08-03,7411.34,127389185325.0,1.440984,15378539.32
2018-08-04,7002.21,120372201906.0,1.362904,15404859.04
2018-08-05,7031.59,120891309547.0,1.36894,14063175.5
2018-08-06,6929.99,119155942796.0,1.35041,11347860.09
2018-08-07,6722.58,115602331538.0,1.311267,12688866.79
2018-08-08,6267.39,107787129090.0,1.224575,12299750.27
2018-08-09,6558.1,112798970602.0,1.282631,12214455.49
2018-08-10,6135.75,105548153482.0,1.201482,13498654.09
2018-08-11,6313.75,108623509950.0,1.237093,13416717.29
2018-08-12,6314.69,108651957014.0,1.237715,12234715.08
2018-08-13,6265.85,107823291677.0,1.228595,11748465.08
2018-08-14,6184.83,106439624173.0,1.214626,10514209.45
2018-08-15,6270.21,107921713369.0,1.232726,12618807.28
2018-08-16,6290.75,108287593316.0,1.237019,12424232.15
2018-08-17,6563.08,112987854531.0,1.289979,12469848.75
2018-08-18,6399.29,110180882411.0,1.258201,12798574.89
2018-08-19,6490.72,111766836577.0,1.27575,11764422.98
2018-08-20,6272.95,108028823194.0,1.233544,11761786.37
2018-08-21,6473.08,111487195428.0,1.272723,11975190.67
2018-08-22,6365.01,109638677665.0,1.251629,12730019.66
2018-08-23,6516.41,112258698493.0,1.281087,12136811.81
2018-08-24,6697.73,115394585122.0,1.316328,12223360.68
2018-08-25,6745.44,116227908456.0,1.324789,11382928.21
2018-08-26,6689.87,115284878070.0,1.313339,14466842.43
2018-08-27,6839.16,117873365031.0,1.341634,15815555.08
2018-08-28,7092.97,122261446474.0,1.389932,13565312.41
2018-08-29,7033.43,121247278333.0,1.376706,12220581.27
2018-08-30,6966.96,120114930037.0,1.363591,13411405.21
2018-08-31,7025.14,121131550726.0,1.374938,13611210.26
2018-09-01,7192.35,124028288534.0,1.407113,13575565.43
2018-09-02,7286.67,125667820675.0,1.425078,13116002.02
2018-09-03,7257.47,125177334900.0,1.419243,13063446.39
2018-09-04,7358.81,126936865991.0,1.438429,11590128.08
2018-09-05,6790.9,117151754999.0,1.329079,11204980.59
2018-09-06,6488.08,111939859791.0,1.271393,12165142.38
2018-09-07,6408.65,110581749752.0,1.256832,12176441.88
2018-09-08,6187.79,106782343851.0,1.214284,11602107.19
2018-09-09,6249.25,107855616025.0,1.226898,12732839.36
2018-09-10,6295.39,108662608384.0,1.23658,10623468.27
2018-09-11,6278.42,108380864788.0,1.234488,11065723.43
2018-09-12,6327.54,109241940296.0,1.244851,13287826.36
2018-09-13,6490.91,112074557502.0,1.278562,12008187.79
2018-09-14,6494.7,112150595269.0,1.27942,10716247.54
2018-09-15,6524.17,112670904653.0,1.285327,11417289.92
2018-09-16,6497.4,112220037901.0,1.280166,11289240.67
2018-09-17,6258.59,108105991224.0,1.233816,10561378.85
2018-09-18,6340.35,109529380192.0,1.250241,11254117.33
2018-09-19,6383.95,110295088598.0,1.259106,12448706.16
2018-09-20,6498.61,112288488870.0,1.282065,12509818.69
2018-09-21,6741.14,116491363597.0,1.331493,12134057.22
2018-09-22,6705.48,115888008972.0,1.324624,12991859.85
2018-09-23,6703.14,115860149885.0,1.324115,12568381.59
2018-09-24,6576.55,113684243861.0,1.299446,12166608.26
2018-09-25,6416.44,110930242227.0,1.269473,13554738.0
2018-09-26,6463.25,111750680974.0,1.278925,11229897.58
2018-09-27,6677.9,115473953609.0,1.321054,11936747.12
2018-09-28,6623.13,114539547907.0,1.310145,12749517.86
2018-09-29,6584.5,113884047547.0,1.302892,12510548.38
2018-09-30,6604.49,114243175579.0,1.306972,13456638.25
2018-10-01,6561.81,113518016606.0,1.299421,12959582.32
2018-10-02,6508.72,112610666756.0,1.28953,11146184.61
2018-10-03,6464.46,111856548131.0,1.28143,11716828.03
2018-10-04,6545.29,113267427334.0,1.297648,12272410.63
2018-10-05,6585.15,113967980867.0,1.305566,10700868.07
2018-10-06,6550.48,113378166759.0,1.298913,10235122.37
2018-10-07,6564.57,113633692973.0,1.301758,11652108.66
2018-10-08,6604.69,114339270104.0,1.309607,11145406.4
2018-10-09,6590.43,114103170639.0,1.306963,10709446.51
2018-10-10,6529.1,113053154103.0,1.294931,11752384.38
2018-10-11,6159.25,106661330256.0,1.227412,12241512.64
2018-10-12,6191.68,107233068566.0,1.234381,10216267.42
2018-10-13,6197.69,107348052161.0,1.235953,10923421.04
2018-10-14,6182.88,107100406865.0,1.233487,8810603.07
2018-10-15,6442.72,111614357756.0,1.285265,13046498.71
2018-10-16,6461.94,111958262043.0,1.289893,10904518.96
2018-10-17,6442.73,111636608392.0,1.286661,11113710.46
2018-10-18,6396.48,110846228676.0,1.278022,11033927.68
2018-10-19,6383.08,110625312452.0,1.274991,11329963.17
2018-10-20,6408.25,111073074254.0,1.286422,11454751.78
2018-10-21,6415.34,111206991507.0,1.287931,11066462.37
2018-10-22,6408.03,111092745871.0,1.286896,12415565.17
2018-10-23,6395.99,110896223453.0,1.284929,12312276.26
2018-10-24,6413.8,111214183525.0,1.288761,9059497.64
2018-10-25,6402.32,111026107523.0,1.28695,10963981.32
2018-10-26,6404.11,111068486835.0,1.288634,11447344.04
2018-10-27,6409.41,111171246479.0,1.289807,10895989.06
2018-10-28,6406.63,111134376406.0,1.289375,11211608.19
2018-10-29,6263.04,108654957797.0,1.261077,11430051.17
2018-10-30,6272.17,108825354862.0,1.263292,12073922.88
2018-10-31,6306.32,109430710322.0,1.270737,12849120.75
2018-11-01,6342.98,110079075092.0,1.278839,12210231.69
2018-11-02,6348.17,110180510974.0,1.279951,11347351.34
2018-11-03,6332.43,109920163681.0,1.276901,12744023.69
2018-11-04,6420.42,111457353103.0,1.294595,9871398.83
2018-11-05,6402.95,111165512799.0,1.291236,11525304.31
2018-11-06,6441.15,111839004285.0,1.298994,10305832.35
2018-11-07,6500.87,112886579169.0,1.310844,10563913.43
2018-11-08,6406.75,111261944816.0,1.291958,9690213.82
2018-11-09,6331.38,109963021292.0,1.276882,10051063.79
2018-11-10,6353.11,110350898799.0,1.281337,10403222.1
2018-11-11,6335.41,110055044899.0,1.277814,11562130.92
2018-11-12,6320.66,109809736245.0,1.275015,11061148.09
2018-11-13,6267.94,108903259089.0,1.264995,9401906.99
2018-11-14,5574.26,96860221302.0,1.1275,9406560.96
2018-11-15,5538.56,96248717598.0,1.128357,8792464.96
2018-11-16,5496.02,95518040630.0,1.121384,8656225.56
2018-11-17,5501.09,95616231626.0,1.122959,9970729.87
2018-11-18,5555.38,96568300412.0,1.134323,8541391.12
2018-11-19,4792.2,83309665039.0,0.982567,7547715.04
2018-11-20,4317.53,75064932895.0,0.892598,7123925.61
2018-11-21,4549.32,79100846618.0,0.942052,5970985.14
2018-11-22,4303.62,74835214989.0,0.893105,6563013.71
2018-11-23,4289.89,74603295134.0,0.891812,6702957.58
2018-11-24,3806.32,66200481497.0,0.793172,6803791.5
2018-11-25,3946.85,68650951140.0,0.824538,6265625.76
2018-11-26,3700.29,64367371530.0,0.775628,5134146.81
2018-11-27,3776.56,65700289252.0,0.794054,6184110.29
2018-11-28,4208.48,73220546017.0,0.8855,6207501.02
2018-11-29,4239.04,73757876887.0,0.891309,5563739.33
2018-11-30,3973.33,69139707027.0,0.837371,5016334.24
2018-12-01,4148.07,72186769334.0,0.873464,6429514.27
2018-12-02,4098.75,71334198592.0,0.863685,5840714.14
2018-12-03,3843.98,66905681722.0,0.80764,5477666.75
2018-12-04,3892.95,67764822761.0,0.813359,6715341.59
2018-12-05,3709.52,64577860936.0,0.784738,6027971.39
2018-12-06,3511.97,61144670013.0,0.748418,5926447.66
2018-12-07,3373.0,58729900522.0,0.721009,4806518.86
2018-12-08,3407.95,59343948586.0,0.72909,5410122.52
2018-12-09,3540.44,61656683797.0,0.757733,5664703.32
2018-12-10,3413.59,59452937062.0,0.732006,5291068.51
2018-12-11,3352.56,58395272773.0,0.722297,5238381.56
2018-12-12,3423.01,59627489562.0,0.738454,5134519.38
2018-12-13,3260.34,56799160024.0,0.704464,5338809.34
2018-12-14,3198.95,55735437225.0,0.692774,5838079.14
2018-12-15,3185.07,55499651896.0,0.690481,5932200.41
2018-12-16,3195.41,55684427861.0,0.693386,4593408.42
2018-12-17,3499.16,60984540764.0,0.759726,6998312.96
2018-12-18,3659.53,63785396912.0,0.796501,5855243.81
2018-12-19,3697.73,64458072015.0,0.805739,6887013.38
2018-12-20,4067.74,70914924966.0,0.886117,6864307.38
2018-12-21,3839.09,66935427170.0,0.837671,6718398.94
2018-12-22,3964.95,69138519235.0,0.865195,8673319.63
2018-12-23,3942.67,68758702225.0,0.860907,8673867.39
2018-12-24,4040.05,70464629644.0,0.882601,7676087.0
2018-12-25,3761.58,65615302891.0,0.822609,7476148.22
2018-12-26,3807.66,66426458891.0,0.833086,7472527.75
2018-12-27,3585.46,62557922647.0,0.785526,7798376.67
2018-12-28,3881.05,67723456213.0,0.852523,8101702.07
2018-12-29,3823.14,66719421376.0,0.840313,6594913.61
2018-12-30,3825.41,66767437067.0,0.841503,8415896.42
2018-12-31,3687.2,64362351164.0,0.812136,7143949.88
2019-01-01,3808.12,66480140227.0,0.839104,7092619.46
2019-01-02,3898.2,68060061858.0,0.859073,7357847.76
2019-01-03,3784.39,66080363536.0,0.834871,7332252.98
2019-01-04,3827.52,66840702441.0,0.844726,7128764.56
2019-01-05,3798.61,66343570784.0,0.838567,7739675.93
2019-01-06,4045.99,70671241074.0,0.893467,7131064.03
2019-01-07,4001.02,69892707336.0,0.884158,7051794.72
2019-01-08,3992.62,69754483224.0,0.882787,8434415.64
2019-01-09,4004.26,69965986980.0,0.885421,8208731.02
2019-01-10,3627.9,63397040767.0,0.809767,7074411.73
2019-01-11,3624.16,63338354100.0,0.809762,6704698.63
2019-01-12,3617.02,63219821366.0,0.808559,6239363.09
2019-01-13,3508.67,61332009011.0,0.784834,6008597.56
2019-01-14,3666.95,64105507741.0,0.820508,6829685.42
2019-01-15,3581.29,62614046151.0,0.800902,5909133.48
2019-01-16,3606.99,63069259783.0,0.806911,5996615.18
2019-01-17,3640.13,63654546164.0,0.81483,5778704.99
2019-01-18,3609.43,63123882958.0,0.808381,6226261.12
2019-01-19,3687.3,64491943107.0,0.826164,6130139.51
2019-01-20,3538.31,61893041071.0,0.7932,6943940.68
2019-01-21,3535.62,61852610462.0,0.792971,6629293.86
2019-01-22,3577.31,62587665112.0,0.803986,5813126.07
2019-01-23,3551.89,62149501274.0,0.798746,6482206.22
2019-01-24,3567.59,62431351929.0,0.802566,7224367.59
2019-01-25,3561.35,62328325177.0,0.801725,6143329.61
2019-01-26,3557.04,62259553752.0,0.801181,6669449.84
2019-01-27,3537.61,61925598671.0,0.797182,6058164.2
2019-01-28,3435.05,60136493367.0,0.775229,6226032.68
2019-01-29,3395.82,59455924095.0,0.767081,6197378.37
2019-01-30,3437.9,60198389711.0,0.777477,5844422.97
2019-01-31,3410.13,59718838093.0,0.771737,6607130.01
2019-02-01,3445.05,60337137183.0,0.780144,6803973.54
2019-02-02,3461.94,60639099132.0,0.784222,6231483.21
2019-02-03,3413.02,59788219917.0,0.773435,5887462.29
2019-02-04,3411.39,59765870504.0,0.773847,6268425.38
2019-02-05,3426.47,60036309267.0,0.777657,6296129.46
2019-02-06,3367.51,59010177291.0,0.765109,6903388.05
2019-02-07,3358.87,58866207389.0,0.763789,7305550.08
2019-02-08,3612.48,63318160367.0,0.821601,7360427.22
2019-02-09,3621.27,63478991741.0,0.823679,6789877.73
2019-02-10,3642.02,63849176539.0,0.828481,6373539.13
2019-02-11,3590.62,62954510736.0,0.817172,6507996.0
2019-02-12,3587.9,62912631291.0,0.817076,5740643.95
2019-02-13,3576.09,62712261903.0,0.816224,6839263.28
2019-02-14,3561.92,62470064348.0,0.813244,6277877.63
2019-02-15,3565.01,62529926712.0,0.814326,5659448.49
2019-02-16,3584.74,62882694505.0,0.819515,6721380.0
2019-02-17,3622.76,63556858701.0,0.828493,7200230.39
2019-02-18,3866.13,67834010393.0,0.884208,7490625.36
2019-02-19,3895.44,68355801176.0,0.89133,7596098.66
2019-02-20,3931.61,68997040403.0,0.898854,6388872.47
2019-02-21,3892.26,68312229780.0,0.890471,5789739.42
2019-02-22,3948.3,69303748259.0,0.90331,7995308.53
2019-02-23,4110.15,72152027336.0,0.940729,7346895.13
2019-02-24,3754.18,65909594992.0,0.859936,6429039.74
2019-02-25,3822.02,67107357151.0,0.87606,6831858.42
2019-02-26,3796.18,66661232142.0,0.870357,7639802.33
2019-02-27,3799.38,66724242475.0,0.871388,6696410.76
2019-02-28,3792.95,66618356466.0,0.870321,7111776.98
2019-03-01,3810.63,66936687246.0,0.874593,7716531.2
2019-03-02,3809.64,66925595316.0,0.874615,6285911.6
2019-03-03,3782.38,66453583651.0,0.868485,6902846.91
2019-03-04,3698.16,64980234898.0,0.850076,6333102.18
2019-03-05,3840.13,67481868719.0,0.882643,7152238.49
2019-03-06,3852.0,67696627872.0,0.885565,6163197.48
2019-03-07,3855.92,67772447204.0,0.88659,6844263.62
2019-03-08,3839.23,67486113915.0,0.883156,7006601.23
2019-03-09,3910.36,68743141713.0,0.899557,6745373.01
2019-03-10,3903.91,68636402814.0,0.898255,6636650.32
2019-03-11,3851.57,67722973399.0,0.886653,6836534.84
2019-03-12,3858.91,67859035803.0,0.888808,6897810.25
2019-03-13,3851.96,67743190818.0,0.88737,6500178.22
2019-03-14,3853.78,67782767282.0,0.888084,7466705.08
2019-03-15,3901.91,68636787012.0,0.899306,7462410.92
2019-03-16,3989.8,70190805975.0,0.920064,8129209.51
2019-03-17,3967.14,69799528648.0,0.914843,7240036.88
2019-03-18,3969.44,69847925360.0,0.915604,7988498.29
2019-03-19,3996.17,70326929804.0,0.921685,8691665.19
2019-03-20,4030.66,70941970704.0,0.929673,8111693.74
2019-03-21,3976.27,69991932308.0,0.91748,7107589.51
2019-03-22,3983.89,70133970901.0,0.919474,8017573.89
2019-03-23,3981.78,70104014184.0,0.919132,7216969.06
2019-03-24,3970.67,69915870924.0,0.916705,7445000.6
2019-03-25,3908.24,68823860548.0,0.902735,7230241.85
2019-03-26,3917.76,68998149814.0,0.905269,6562253.7
2019-03-27,4027.01,70929622724.0,0.930396,7500302.25
2019-03-28,4010.94,70653886034.0,0.926749,7319960.87
2019-03-29,4089.46,72044617182.0,0.944389,7514384.66
2019-03-30,4091.89,72094536468.0,0.944965,7109660.68
2019-03-31,4094.32,72144407427.0,0.946419,7113877.2
2019-04-01,4138.42,72928511838.0,0.956551,7035310.27
2019-04-02,4903.72,86424523991.0,1.12892,9623549.44
2019-04-03,4960.23,87429243679.0,1.14052,8804403.99
2019-04-04,4911.27,86574903766.0,1.128388,8594721.98
2019-04-05,5033.23,88734657095.0,1.156145,9940620.33
2019-04-06,5044.36,88939665131.0,1.158417,8764570.02
2019-04-07,5189.11,91501063164.0,1.191212,9145809.82
2019-04-08,5283.42,93173850972.0,1.211792,9774332.6
2019-04-09,5195.58,91633263650.0,1.190998,8572703.55
2019-04-10,5311.74,93691843864.0,1.216513,9826721.97
2019-04-11,5050.67,89096740025.0,1.156954,9911932.04
2019-04-12,5082.86,89674280266.0,1.163685,9593900.95
2019-04-13,5074.79,89540456117.0,1.161566,8563709.29
2019-04-14,5156.8,90995377479.0,1.181353,7864126.16
2019-04-15,5042.9,88994562169.0,1.155553,9140252.15
2019-04-16,5205.96,91881692216.0,1.192241,9435807.86
2019-04-17,5226.35,92250564154.0,1.196138,9015457.57
2019-04-18,5278.5,93180899417.0,1.207657,9831210.61
2019-04-19,5289.95,93393056305.0,1.207198,10050907.32
2019-04-20,5313.97,93825862417.0,1.212465,8701631.22
2019-04-21,5295.73,93514542764.0,1.208355,10723861.0
2019-04-22,5383.8,95078673811.0,1.227946,9017864.96
2019-04-23,5544.86,97931104713.0,1.263297,8040050.93
2019-04-24,5431.95,95947917279.0,1.238908,11067593.89
2019-04-25,5127.67,90582486406.0,1.170308,9165715.79
2019-04-26,5150.16,90989528957.0,1.176731,9720935.8
2019-04-27,5181.81,91557451148.0,1.184137,8873845.8
2019-04-28,5148.67,90982423048.0,1.176507,10490414.34
2019-04-29,5148.8,90995226478.0,1.177083,10490681.01
2019-04-30,5266.62,93086646313.0,1.203337,9216581.85
2019-05-01,5315.18,93956247055.0,1.217997,11361187.27
2019-05-02,5393.13,95346643375.0,1.23568,12404197.57
2019-05-03,5658.43,100047725221.0,1.295164,10751017.74
2019-05-04,5774.71,102113257162.0,1.320995,9528275.51
2019-05-05,5728.35,101302705292.0,1.309568,9236967.12
2019-05-06,5691.69,100665077841.0,1.299393,10743061.81
2019-05-07,5825.74,103045294021.0,1.328702,9248370.02
2019-05-08,5931.8,104932468930.0,1.351263,11270421.13
2019-05-09,6150.14,108806392501.0,1.399285,11531513.33
2019-05-10,6357.46,112484221629.0,1.44473,9933536.71
2019-05-11,7325.08,129616460917.0,1.654337,11903259.65
2019-05-12,6942.62,122862594420.0,1.565695,13711680.77
2019-05-13,7798.91,138032382815.0,1.747535,16280215.72
2019-05-14,7955.56,140820072138.0,1.771337,15115559.6
2019-05-15,8215.21,145431381731.0,1.816675,15300822.74
2019-05-16,7862.07,139194281165.0,1.727999,14348280.67
2019-05-17,7326.92,129733515296.0,1.610738,13829562.79
2019-05-18,7277.99,128881004231.0,1.599508,13919151.22
2019-05-19,8219.74,145574664069.0,1.802017,16747725.93
2019-05-20,7981.14,141364972111.0,1.747232,16062043.0
2019-05-21,7983.81,141427517230.0,1.744974,15269033.71
2019-05-22,7667.9,135847466323.0,1.675429,16006745.66
2019-05-23,7897.47,139930198597.0,1.722684,15597505.81
2019-05-24,7987.1,141533553661.0,1.738999,15275329.45
2019-05-25,8061.59,142867668845.0,1.753079,14107785.58
2019-05-26,8731.52,154758245306.0,1.893964,18008770.22
2019-05-27,8816.79,156287836455.0,1.907149,18405042.25
2019-05-28,8719.13,154574557918.0,1.88106,17874207.99
2019-05-29,8655.49,153465206973.0,1.84072,18825687.5
2019-05-30,8271.62,146675645810.0,1.757871,16543243.93
2019-05-31,8556.22,151734802084.0,1.814761,12513474.95
2019-06-01,8554.81,151725858433.0,1.812461,16147198.83
2019-06-02,8744.35,155101923702.0,1.850497,14318879.26
2019-06-03,8173.4,144986880727.0,1.727012,12157934.39
2019-06-04,7649.94,135715984982.0,1.626369,14726133.21
2019-06-05,7798.54,138367954899.0,1.656126,15597088.93
2019-06-06,7776.71,137995871311.0,1.651342,15261799.9
2019-06-07,8023.95,142398874425.0,1.701836,15847301.43
2019-06-08,7939.81,140917883639.0,1.683516,12306697.99
2019-06-09,7634.07,135505562737.0,1.618424,14027595.82
2019-06-10,7993.3,141897744725.0,1.691115,15686856.23
2019-06-11,7922.48,140654723195.0,1.675117,14161439.48
2019-06-12,8146.76,144649767681.0,1.720085,13340313.15
2019-06-13,8232.78,146192657170.0,1.736492,15539367.23
2019-06-14,8698.0,154472258474.0,1.829016,18374535.17
2019-06-15,8850.58,157198156055.0,1.858786,16152317.29
2019-06-16,9019.52,160213273128.0,1.88896,14656715.14
2019-06-17,9340.57,165931690524.0,1.951158,15528701.26
2019-06-18,9047.13,160737284621.0,1.887559,18433532.97
2019-06-19,9285.06,164984922416.0,1.931509,20543185.68
2019-06-20,9546.72,169651581217.0,1.980866,17184095.6
2019-06-21,10083.49,179207044546.0,2.084225,16763796.0
2019-06-22,10685.3,189921423980.0,2.196881,18832832.85
2019-06-23,10794.43,191885576856.0,2.213674,24422392.66
2019-06-24,11004.21,195639033391.0,2.247067,24346807.79
2019-06-25,11726.26,208497571410.0,2.379827,21400431.49
2019-06-26,12863.46,228743908515.0,2.571764,26530887.66
2019-06-27,11109.8,197579198121.0,2.215243,19719891.17
2019-06-28,12358.21,219806390394.0,2.441685,25179848.71
2019-06-29,11944.35,212471408601.0,2.353292,25978964.62
2019-06-30,10842.62,192893862980.0,2.13021,20600971.75
2019-07-01,10569.55,188054836533.0,2.075583,18893073.71
2019-07-02,10766.08,191572815076.0,2.110004,21263014.55
2019-07-03,11952.02,212701280671.0,2.331578,25696853.52
2019-07-04,11177.01,198932256882.0,2.174251,23332009.17
2019-07-05,10998.4,195779255924.0,2.138404,25983717.87
2019-07-06,11208.23,199539253818.0,2.177126,24938301.96
2019-07-07,11456.18,203975542703.0,2.222561,21909951.14
2019-07-08,12319.62,219376353956.0,2.379055,27411160.9
2019-07-09,12579.11,224021230976.0,2.419178,24214782.16
2019-07-10,12106.78,215629126479.0,2.313287,19522187.48
2019-07-11,11294.68,201183259641.0,2.15704,18212668.32
2019-07-12,11813.32,210445706656.0,2.248578,24217313.62
2019-07-13,11346.84,202155589034.0,2.158909,19998800.47
2019-07-14,10283.08,183222223011.0,1.958759,18638074.87
2019-07-15,10926.38,194704461535.0,2.078373,19940644.0
2019-07-16,9471.14,168791758444.0,1.804522,19179060.25
2019-07-17,9674.88,172438862979.0,1.840114,16084492.09
2019-07-18,10679.89,190367634571.0,2.023127,16153334.67
2019-07-19,10532.2,187750651267.0,1.992002,15534999.03
2019-07-20,10862.65,193665325162.0,2.051976,24033609.91
2019-07-21,10589.71,188818886061.0,1.998139,19723328.34
2019-07-22,10318.56,184004626629.0,1.946979,20379157.83
2019-07-23,9866.65,175963591455.0,1.863029,17636634.98
2019-07-24,9792.79,174663348865.0,1.842748,17014968.34
2019-07-25,9897.19,176543962472.0,1.861772,18557225.22
2019-07-26,9836.7,175485365597.0,1.849379,20411145.84
2019-07-27,9446.67,168545324730.0,1.77643,17948676.9
2019-07-28,9529.79,170049120676.0,1.791847,20846412.98
2019-07-29,9504.16,169611741060.0,1.755068,19958733.72
2019-07-30,9589.11,171144789262.0,1.769755,17020668.84
2019-07-31,10059.0,179552893040.0,1.854821,21501121.09
2019-08-01,10400.31,185663600900.0,1.915169,18460544.95
2019-08-02,10529.69,187995636119.0,1.93669,22243979.53
2019-08-03,10810.42,193031076581.0,1.986336,23377536.86
2019-08-04,10986.51,196198228092.0,2.016643,22934337.39
2019-08-05,11790.02,210568558008.0,2.152093,21074667.79
2019-08-06,11423.5,204045416188.0,2.077634,22989787.72
2019-08-07,11967.27,213781188501.0,2.169357,22887410.66
2019-08-08,11938.23,213283632611.0,2.157137,21190366.43
2019-08-09,11858.34,211878077390.0,2.139827,21789701.77
2019-08-10,11303.73,201989948340.0,2.039233,21335791.44
2019-08-11,11530.2,206058769073.0,2.077681,22051498.4
2019-08-12,11384.7,203477450140.0,2.049442,18927057.51
2019-08-13,10867.05,194247026153.0,1.954171,21326594.96
2019-08-14,10024.38,179203376209.0,1.801948,19046321.22
2019-08-15,10310.09,184331110835.0,1.852809,20233543.52
2019-08-16,10373.32,185480750975.0,1.863326,19060979.0
2019-08-17,10207.16,182525936050.0,1.833539,16331448.9
2019-08-18,10331.31,184762356323.0,1.85527,16271813.21
2019-08-19,10884.63,194679955536.0,1.95283,22177433.17
2019-08-20,10771.39,192675218124.0,1.929925,20600287.93
2019-08-21,10096.83,180626030877.0,1.809671,17164611.38
2019-08-22,10119.71,181053252826.0,1.813921,17835996.85
2019-08-23,10414.14,186340852609.0,1.858881,19917050.73
2019-08-24,10147.09,181582680925.0,1.810998,20294174.31
2019-08-25,10100.36,180766007715.0,1.802197,19569441.26
2019-08-26,10362.64,185477896691.0,1.847409,17746026.95
2019-08-27,10168.22,182015155353.0,1.811562,17158873.9
2019-08-28,9724.8,174096090424.0,1.733092,18355559.96
2019-08-29,9482.31,169774555310.0,1.691074,19557267.95
2019-08-30,9577.68,171501195666.0,1.708116,19155357.65
2019-08-31,9605.02,172010786445.0,1.713102,19930425.76
2019-09-01,9762.94,174856193400.0,1.740394,17451249.1
2019-09-02,10377.34,185879583770.0,1.84746,19327792.74
2019-09-03,10618.78,190226097714.0,1.887659,21768502.09
2019-09-04,10577.24,189499919032.0,1.878709,17981309.84
2019-09-05,10580.18,189574477944.0,1.877391,21821630.94
2019-09-06,10330.85,185127327373.0,1.818736,20403428.22
2019-09-07,10494.51,188079718442.0,1.846322,19677200.56
2019-09-08,10407.27,186539229374.0,1.83013,23026075.27
2019-09-09,10332.46,185217353459.0,1.816528,18856747.61
2019-09-10,10085.95,180821372958.0,1.773288,22945540.63
2019-09-11,10142.15,181852186604.0,1.777861,23326940.54
2019-09-12,10403.36,186556352212.0,1.82231,20546635.94
2019-09-13,10345.34,185535294725.0,1.811085,19397510.15
2019-09-14,10363.45,185880236554.0,1.813611,20079189.99
2019-09-15,10306.17,184871734711.0,1.80308,18937586.76
2019-09-16,10257.82,184025389806.0,1.794363,20900313.88
2019-09-17,10195.61,182928175635.0,1.782837,18861880.69
2019-09-18,10161.32,182335008772.0,1.774735,22100868.53
2019-09-19,10268.39,184275340089.0,1.792821,18996526.36
2019-09-20,10170.13,182531039221.0,1.775239,19196111.16
2019-09-21,9986.41,179254415005.0,1.743184,20721792.67
2019-09-22,10047.01,180363155235.0,1.753528,20847552.96
2019-09-23,9692.74,174017098073.0,1.692417,13812155.99
2019-09-24,8613.67,154661092904.0,1.507698,16904329.83
2019-09-25,8424.16,151274745518.0,1.477789,16427107.41
2019-09-26,8091.7,145321930430.0,1.42454,17295998.7
2019-09-27,8186.78,147043095582.0,1.441326,13508186.4
2019-09-28,8201.98,147332393618.0,1.444912,16301433.29
2019-09-29,8064.51,144876708488.0,1.421206,13709663.71
2019-09-30,8282.37,148803916515.0,1.459948,13458843.86
2019-10-01,8314.55,149397042722.0,1.466878,14862260.61
2019-10-02,8362.53,150274613053.0,1.475603,15470681.85
2019-10-03,8254.34,148345592161.0,1.457214,15167349.59
2019-10-04,8165.69,146767326339.0,1.442091,15004448.3
2019-10-05,8141.63,146351095556.0,1.437938,16079726.58
2019-10-06,7854.61,141206285788.0,1.387895,14629210.78
2019-10-07,8226.02,147899313786.0,1.453502,15937920.39
2019-10-08,8190.12,147270287407.0,1.447114,16584983.12
2019-10-09,8598.33,154625456579.0,1.518775,14832122.56
2019-10-10,8578.09,154278819680.0,1.515239,17370633.02
2019-10-11,8289.85,149110991493.0,1.465027,16165215.36
2019-10-12,8323.75,149734524822.0,1.470859,13838234.61
2019-10-13,8291.25,149164613950.0,1.465325,14716969.91
2019-10-14,8346.37,150170300738.0,1.468376,14084496.74
2019-10-15,8160.71,146845534513.0,1.437012,15607362.9
2019-10-16,8003.86,144037329739.0,1.410224,14306892.46
2019-10-17,8072.49,145287592860.0,1.422759,15135917.59
2019-10-18,7959.33,143266919855.0,1.40338,15918663.99
2019-10-19,7948.48,143085646029.0,1.401476,14108547.27
2019-10-20,8213.71,147875242280.0,1.448002,14990019.0
2019-10-21,8211.65,147854575171.0,1.448191,16320663.44
2019-10-22,8029.21,144586456293.0,1.416609,16961696.35
2019-10-23,7458.04,134316744656.0,1.318494,15661875.3
2019-10-24,7454.37,134263137184.0,1.32044,12392892.02
2019-10-25,8656.66,155932804287.0,1.530333,14932730.18
2019-10-26,9249.65,166630581069.0,1.63053,16186881.83
2019-10-27,9558.16,172202055439.0,1.683133,13739849.31
2019-10-28,9319.18,167912181264.0,1.638446,15609623.39
2019-10-29,9431.21,169946389585.0,1.655718,15679381.84
2019-10-30,9182.86,165486571121.0,1.611817,15381282.23
2019-10-31,9155.28,165004691373.0,1.606464,15106207.54
2019-11-01,9251.38,166751798016.0,1.620771,15033494.6
2019-11-02,9300.19,167647144919.0,1.628763,15577819.65
2019-11-03,9209.64,166030720097.0,1.612948,15886626.75
2019-11-04,9418.36,169809075765.0,1.648489,15540294.22
2019-11-05,9330.79,168246968453.0,1.637571,16795417.0
2019-11-06,9354.93,168697792663.0,1.641483,15435640.08
2019-11-07,9210.75,166113240512.0,1.615712,15543137.63
2019-11-08,8791.33,158563288532.0,1.543501,14066134.3
2019-11-09,8810.78,158929965624.0,1.547124,15859412.21
2019-11-10,9042.89,163135487790.0,1.58742,18763998.25
2019-11-11,8713.21,157204392968.0,1.529783,16446179.97
2019-11-12,8788.96,158585915731.0,1.54267,14831366.87
2019-11-13,8766.73,158199619872.0,1.536122,14793855.91
2019-11-14,8645.44,156029084691.0,1.515234,18263483.14
2019-11-15,8465.88,152805221239.0,1.484201,16720108.83
2019-11-16,8477.69,153034112555.0,1.48641,15683726.95
2019-11-17,8505.16,153546374435.0,1.491204,16372435.35
2019-11-18,8183.53,147754246710.0,1.435851,14321183.47
2019-11-19,8116.82,146564658339.0,1.424626,14914657.99
2019-11-20,8076.55,145851914668.0,1.418362,14335884.52
2019-11-21,7612.28,137480717895.0,1.338963,13036025.2
2019-11-22,7277.52,131446951420.0,1.28345,12007915.05
2019-11-23,7324.84,132317341014.0,1.29339,15839958.24
2019-11-24,6943.38,125438020111.0,1.226361,11369785.82
2019-11-25,7139.04,128984010381.0,1.262223,11154757.32
2019-11-26,7165.44,129471791490.0,1.268417,10927292.54
2019-11-27,7526.86,136015452004.0,1.332972,13077925.88
2019-11-28,7436.34,134394712381.0,1.317361,15151535.38
2019-11-29,7747.74,140035753824.0,1.372492,13171154.67
2019-11-30,7556.19,136585605233.0,1.339472,11901005.11
2019-12-01,7417.73,134095575599.0,1.315313,12888301.02
2019-12-02,7318.31,132311649482.0,1.298713,13264441.45
2019-12-03,7306.45,132111542796.0,1.297672,14430231.31
2019-12-04,7215.02,130473486508.0,1.282466,15061354.97
2019-12-05,7404.09,133905907021.0,1.316562,13419907.32
2019-12-06,7534.21,136272863880.0,1.340193,13655752.65
2019-12-07,7512.06,135886841741.0,1.336327,14554618.97
2019-12-08,7528.94,136206094716.0,1.339373,13928539.5
2019-12-09,7340.23,132805669775.0,1.306388,13579420.8
2019-12-10,7232.09,130862566069.0,1.28784,13379369.8
2019-12-11,7200.46,130302159495.0,1.282928,11880766.34
2019-12-12,7192.85,130176306232.0,1.282189,11958111.5
2019-12-13,7244.9,131132158335.0,1.291648,13765317.07
2019-12-14,7071.11,127999800421.0,1.261062,13346714.63
2019-12-15,7111.29,128738145823.0,1.268267,11022494.34
2019-12-16,6882.4,124607959806.0,1.228412,13506701.75
2019-12-17,6608.96,119669002106.0,1.181204,11648295.49
2019-12-18,7284.63,131915496849.0,1.303002,12201747.69
2019-12-19,7146.17,129422222017.0,1.278395,14024353.99
2019-12-20,7184.22,130125371828.0,1.285072,14009227.39
2019-12-21,7140.3,129345551110.0,1.277315,15708655.62
2019-12-22,7479.4,135504182500.0,1.337722,15800237.59
2019-12-23,7321.75,132661061513.0,1.309741,13087625.84
2019-12-24,7235.63,131111985464.0,1.294308,11305670.44
2019-12-25,7191.17,130317953564.0,1.288524,11505878.67
2019-12-26,7194.64,130395775601.0,1.28945,15018810.5
2019-12-27,7237.15,131179357399.0,1.29743,13117335.19
2019-12-28,7306.64,132452581795.0,1.309912,13608623.16
2019-12-29,7391.58,134006582389.0,1.326638,14321183.39
2019-12-30,7229.4,131081294266.0,1.297516,15000998.98
2019-12-31,7167.4,129970082373.0,1.286819,12990903.54
2020-01-01,7170.63,130044373322.0,1.287435,15596124.31
2020-01-02,6946.83,125997729471.0,1.247555,12243779.54
2020-01-03,7315.31,132696546618.0,1.313285,15453591.02
2020-01-04,7343.16,133217241901.0,1.318507,15420644.81
2020-01-05,7345.53,133275140629.0,1.318915,14966518.78
2020-01-06,7765.8,140913446584.0,1.393432,13104783.68
2020-01-07,8136.09,147650387098.0,1.458715,17899391.05
2020-01-08,8059.7,146278447249.0,1.444349,14305966.66
2020-01-09,7817.14,141891415486.0,1.400239,15341129.58
2020-01-10,8129.82,147582148238.0,1.455202,15141785.88
2020-01-11,8032.01,145822905688.0,1.437552,16365211.2
2020-01-12,8164.55,148244692102.0,1.460842,15410588.11
2020-01-13,8121.93,147485275164.0,1.452766,14517942.13
2020-01-14,8830.17,160362182650.0,1.574638,16004679.27
2020-01-15,8811.45,160038851606.0,1.568684,16631608.48
2020-01-16,8718.69,158371394896.0,1.550786,17328390.41
2020-01-17,8912.54,161910403912.0,1.583683,17713677.03
2020-01-18,8928.18,162209239872.0,1.585838,14731498.25
2020-01-19,8687.35,157850148002.0,1.543142,16288790.32
2020-01-20,8636.26,156938136301.0,1.534139,16408891.69
2020-01-21,8730.87,158674065182.0,1.550396,16697784.21
2020-01-22,8647.9,157183091623.0,1.535443,16863405.92
2020-01-23,8366.38,152082924892.0,1.485478,16628189.42
2020-01-24,8423.39,153135182383.0,1.49494,16004442.82
2020-01-25,8344.77,151723062490.0,1.480768,17106787.87
2020-01-26,8573.87,155903844151.0,1.520957,15325801.22
2020-01-27,8901.96,161883952906.0,1.577927,14354409.35
2020-01-28,9297.39,169091413723.0,1.645853,16502864.26
2020-01-29,9311.95,169374825966.0,1.645287,18623895.09
2020-01-30,9508.92,172976113949.0,1.677026,18542395.88
2020-01-31,9357.28,170234553907.0,1.647327,16843112.61
2020-02-01,9381.89,170699826043.0,1.650978,17708309.88
2020-02-02,9339.39,169943267783.0,1.643568,16694154.38
2020-02-03,9279.81,168876392942.0,1.631959,17167653.16
2020-02-04,9161.63,166740743006.0,1.610698,15116684.88
2020-02-05,9628.14,175250308848.0,1.690868,19135921.84
2020-02-06,9739.28,177289768826.0,1.705717,16435035.74
2020-02-07,9800.28,178417196310.0,1.709712,17027985.46
2020-02-08,9911.29,180455462436.0,1.726643,17220872.3
2020-02-09,10151.08,184840742313.0,1.766408,19413946.63
2020-02-10,9872.36,179780570082.0,1.71347,15055351.86
2020-02-11,10272.22,187081233587.0,1.779232,19003611.73
2020-02-12,10360.14,188700718414.0,1.792084,18389240.02
2020-02-13,10235.5,186448589139.0,1.768516,18040064.03
2020-02-14,10361.62,188763431392.0,1.78831,17485226.48
2020-02-15,9911.72,180585098507.0,1.710757,17593310.68
2020-02-16,9952.05,181337408896.0,1.716954,17664882.74
2020-02-17,9683.08,176455532971.0,1.670618,19003043.77
2020-02-18,10195.3,185808950970.0,1.754254,19116194.61
2020-02-19,9636.0,175632690004.0,1.657941,16983454.05
2020-02-20,9614.03,175247351457.0,1.654352,15142097.44
2020-02-21,9701.8,176865876880.0,1.668813,18675960.19
2020-02-22,9675.25,176399792167.0,1.663798,17899210.76
2020-02-23,9972.84,181843236237.0,1.713841,17701795.3
2020-02-24,9648.01,175937259068.0,1.657654,17004613.89
2020-02-25,9344.29,170415547339.0,1.60369,16819716.85
2020-02-26,8798.89,160483857843.0,1.511519,14958111.21
2020-02-27,8779.03,160137770415.0,1.509012,16131466.67
2020-02-28,8750.59,159636352747.0,1.504354,17282422.06
2020-02-29,8582.09,156577275161.0,1.475816,14911381.9
2020-03-01,8541.77,155860614930.0,1.469281,18898674.74
2020-03-02,8906.21,162527106820.0,1.531092,16587824.98
2020-03-03,8768.81,160036426102.0,1.507044,16770350.3
2020-03-04,8756.37,159827648015.0,1.508597,18278921.48
2020-03-05,9062.62,165435942800.0,1.560902,18465079.7
2020-03-06,9147.09,166995631896.0,1.574784,17722477.3
2020-03-07,8898.31,162471226445.0,1.5321,17462927.4
2020-03-08,8109.61,148086770498.0,1.39732,16016488.72
2020-03-09,7896.39,144207873678.0,1.362967,14805722.47
2020-03-10,7909.93,144468246215.0,1.366768,13051380.99
2020-03-11,7939.34,145017268328.0,1.375323,11809770.24
2020-03-12,4959.31,90594467681.0,0.877469,9360704.07
2020-03-13,5627.69,102812902144.0,1.002308,8793269.36
2020-03-14,5145.17,94005928118.0,0.919431,8232276.01
2020-03-15,5358.61,97913564615.0,0.958644,7970933.36
2020-03-16,5012.93,91604630051.0,0.90056,7456729.49
2020-03-17,5416.75,98992369513.0,0.974656,8328260.37
2020-03-18,5392.49,98555627713.0,0.970988,6740609.79
2020-03-19,6203.55,113387305928.0,1.116125,8297250.31
2020-03-20,6174.15,112858311337.0,1.112754,8412278.66
2020-03-21,6175.83,112898621139.0,1.113178,9572538.08
2020-03-22,5830.56,106596093107.0,1.051206,9256015.56
2020-03-23,6486.41,118595581239.0,1.16909,9080972.12
2020-03-24,6775.06,123884332495.0,1.219024,11178845.07
2020-03-25,6689.97,122336150606.0,1.204059,7693464.36
2020-03-26,6754.46,123528980419.0,1.215391,13508920.67
2020-03-27,6490.8,118719519156.0,1.168733,12575916.12
2020-03-28,6231.82,113993258453.0,1.122739,10516196.06
2020-03-29,5904.86,108023566971.0,1.064884,11145418.7
2020-03-30,6436.91,117768692187.0,1.161119,11827814.22
2020-03-31,6432.38,117698734312.0,1.16086,12784361.69
2020-04-01,6643.11,121567284408.0,1.202327,12704947.89
2020-04-02,6792.74,124318508345.0,1.22932,12991119.5
2020-04-03,6751.9,123582214925.0,1.222076,11140639.21
2020-04-04,6859.99,125574021301.0,1.24154,13462728.74
2020-04-05,6790.81,124322577425.0,1.228965,14854902.28
2020-04-06,7298.17,133622754420.0,1.318703,11677077.99
2020-04-07,7187.59,131613224222.0,1.299198,15093946.01
2020-04-08,7372.19,135006761796.0,1.3318,13269950.58
2020-04-09,7299.58,133691006814.0,1.318433,14051689.94
2020-04-10,6859.82,125650890517.0,1.243936,13976888.7
2020-04-11,6883.18,126092446157.0,1.248285,13680324.68
2020-04-12,6978.67,127854957414.0,1.265541,13346699.27
2020-04-13,6863.58,125761070199.0,1.245002,14670892.7
2020-04-14,6875.54,125994705943.0,1.247273,14438630.86
2020-04-15,6625.48,121426285929.0,1.202525,13996317.57
2020-04-16,7127.79,130646051882.0,1.293291,13721000.14
2020-04-17,7081.4,129806876584.0,1.28483,11241714.88
2020-04-18,7262.79,133146355855.0,1.317393,14344014.88
2020-04-19,7150.24,131096633929.0,1.296996,13585464.01
2020-04-20,6853.27,125665595004.0,1.243972,13792212.75
2020-04-21,6870.42,125992868717.0,1.247384,12796164.14
2020-04-22,7123.66,130648436528.0,1.293015,11664988.21
2020-04-23,7488.61,137354908752.0,1.357982,13292274.17
2020-04-24,7506.44,137695605130.0,1.360377,13511597.97
2020-04-25,7537.74,138282481993.0,1.365733,12814154.96
2020-04-26,7684.07,140980122465.0,1.391824,13158967.34
2020-04-27,7777.49,142707868307.0,1.405926,13707828.8
2020-04-28,7769.9,142583524348.0,1.404166,14957056.92
2020-04-29,8761.84,160802206508.0,1.571249,15880829.87
2020-04-30,8652.41,158808556148.0,1.547837,14600943.55
2020-05-01,8855.54,162552358586.0,1.581497,15607880.89
2020-05-02,8977.28,164803746449.0,1.601832,16607971.15
2020-05-03,8896.8,163344877181.0,1.586398,18683270.84
2020-05-04,8881.95,163089932635.0,1.582411,17541859.75
2020-05-05,8985.88,165015950017.0,1.599594,17747112.21
2020-05-06,9266.81,170192827716.0,1.645748,17838615.17
2020-05-07,9993.75,183562058561.0,1.762466,18363521.46
2020-05-08,9859.32,181109783311.0,1.735049,16884091.67
2020-05-09,9577.34,175946177531.0,1.685279,16281476.17
2020-05-10,8715.03,160123200654.0,1.534444,18519445.75
2020-05-11,8591.65,157871609470.0,1.514277,15303881.7
2020-05-12,8817.25,162025014405.0,1.553986,8045741.25
2020-05-13,9323.0,171325501477.0,1.640268,6933979.17
2020-05-14,9801.27,180121529586.0,1.72149,6983404.51
2020-05-15,9326.88,171410710236.0,1.637701,7286621.76
2020-05-16,9395.48,172678841535.0,1.649235,7398936.87
2020-05-17,9682.53,177960818089.0,1.698551,6172614.46
2020-05-18,9726.85,178783137073.0,1.70309,7781480.02
2020-05-19,9754.2,179292877589.0,1.705452,7010832.3
2020-05-20,9515.7,174915846485.0,1.663377,6839411.21
2020-05-21,9068.8,166708415917.0,1.586112,7425081.01
2020-05-22,9161.82,168424610264.0,1.602314,6356009.18
2020-05-23,9183.66,168833062759.0,1.605685,6830348.71
2020-05-24,8806.23,161900721761.0,1.540087,6384517.23
2020-05-25,8909.19,163800615664.0,1.55903,6960306.7
2020-05-26,8835.14,162445913211.0,1.546249,6847231.37
2020-05-27,9169.06,168593394455.0,1.60359,7908312.04
2020-05-28,9568.26,175941484286.0,1.672228,7834014.39
2020-05-29,9432.41,173450984635.0,1.647709,7486978.08
2020-05-30,9691.68,178228052045.0,1.692154,9449388.48
2020-05-31,9433.94,173497171390.0,1.64705,8844322.36
2020-06-01,10199.14,187578142708.0,1.774563,8541775.61
2020-06-02,9512.35,174954690422.0,1.655559,7669329.39
2020-06-03,9642.27,177352731439.0,1.676997,8376725.02
2020-06-04,9813.36,180508843644.0,1.704989,9261359.14
2020-06-05,9641.89,177365595707.0,1.674912,10786866.25
2020-06-06,9668.67,177870046318.0,1.67896,11844121.41
2020-06-07,9747.58,179331395772.0,1.692105,9686657.74
2020-06-08,9769.34,179741658883.0,1.692937,9891459.14
2020-06-09,9779.42,179936892009.0,1.693574,9779422.17
2020-06-10,9888.44,181952982733.0,1.711286,10135655.28
2020-06-11,9277.45,170721091858.0,1.60652,10727052.91
2020-06-12,9456.16,174019304039.0,1.636956,9633464.56
2020-06-13,9461.33,174123830973.0,1.637561,9343067.13
2020-06-14,9342.96,171955158128.0,1.616874,9926890.36
2020-06-15,9441.38,173774840416.0,1.633269,8143193.02
2020-06-16,9520.09,175232451346.0,1.646027,8925086.2
2020-06-17,9448.69,173926399830.0,1.633473,8149498.2
2020-06-18,9389.99,172853049353.0,1.619303,7218555.4
2020-06-19,9285.99,170946908488.0,1.601515,8299354.98
2020-06-20,9357.29,172267506963.0,1.613435,8012181.67
2020-06-21,9284.77,170940831096.0,1.600586,8472352.05
2020-06-22,9684.62,178311094487.0,1.66795,8655629.29
2020-06-23,9611.73,176978474355.0,1.654539,9491579.42
2020-06-24,9292.94,171116880435.0,1.600438,8073244.7
2020-06-25,9247.12,170281277784.0,1.592836,8149025.76
2020-06-26,9159.44,168676013924.0,1.573696,9388423.72
2020-06-27,9002.17,165787526268.0,1.54679,7764367.84
2020-06-28,9108.07,167746363407.0,1.564864,8538811.57
2020-06-29,9184.25,169157750925.0,1.577525,8323224.18
2020-06-30,9143.97,168424268927.0,1.5699,8401020.22
2020-07-01,9241.34,170227137443.0,1.586188,9356856.36
2020-07-02,9094.39,167529570927.0,1.561066,9321746.97
2020-07-03,9066.69,167028603057.0,1.556196,9236691.15
2020-07-04,9126.22,168134212097.0,1.566208,8955102.94
2020-07-05,9079.61,167284838603.0,1.558151,9249856.78
2020-07-06,9338.94,172071754944.0,1.601837,8988732.24
2020-07-07,9252.16,170482056186.0,1.586678,9309984.72
2020-07-08,9434.57,173852067500.0,1.615613,8903873.51
2020-07-09,9231.5,170119612182.0,1.580509,9462289.91
2020-07-10,9285.22,171118891701.0,1.589407,9343253.65
2020-07-11,9237.17,170242376319.0,1.581043,9006241.73
2020-07-12,9289.1,171208222386.0,1.589696,8824643.08
2020-07-13,9236.62,170249528195.0,1.580579,8486146.92
2020-07-14,9260.36,170695336819.0,1.583819,8334321.29
2020-07-15,9196.73,169530356543.0,1.572341,7932175.79
2020-07-16,9132.59,168355901496.0,1.561308,7762703.47
2020-07-17,9156.47,168802806794.0,1.565366,6752895.67
2020-07-18,9175.91,169168582934.0,1.568541,7455423.06
2020-07-19,9218.84,169967724887.0,1.575449,7547927.14
2020-07-20,9167.19,169023500679.0,1.566567,8078586.69
2020-07-21,9388.57,173112681691.0,1.603654,7334823.71
2020-07-22,9531.26,175752143890.0,1.626706,8578131.69
2020-07-23,9609.17,177196924217.0,1.638784,8167791.71
2020-07-24,9548.1,176080450187.0,1.62771,9607776.36
2020-07-25,9702.45,178935530196.0,1.653096,8610926.85
2020-07-26,9933.91,183213878780.0,1.691254,9809732.72
2020-07-27,11046.51,203744198145.0,1.872229,10287060.88
2020-07-28,10944.61,201874736729.0,1.8495,9918555.51
2020-07-29,11115.77,205042054835.0,1.874849,10282088.44
2020-07-30,11135.39,205413351537.0,1.874755,9395485.93
2020-07-31,11338.2,209165345431.0,1.905176,10842151.21
2020-08-01,11797.58,217650107986.0,1.979087,10101679.7
2020-08-02,11094.02,204680087352.0,1.859988,9776605.73
2020-08-03,11236.1,207312688746.0,1.877723,11376546.88
2020-08-04,11202.65,206705783554.0,1.870387,10152403.29
2020-08-05,11721.44,216287626624.0,1.951269,9450409.77
2020-08-06,11769.31,217182425567.0,1.951554,11475076.38
2020-08-07,11598.97,214050110955.0,1.917648,11019020.61
2020-08-08,11743.01,216718673196.0,1.937429,10421920.16
2020-08-09,11680.52,215576777624.0,1.924707,11388504.43
2020-08-10,11870.37,219090872113.0,1.953206,10164003.92
2020-08-11,11392.64,210284480461.0,1.871948,10965419.94
2020-08-12,11575.51,213671208433.0,1.899829,11358471.61
2020-08-13,11773.45,217335699187.0,1.929243,10816855.46
2020-08-14,11774.41,217365712667.0,1.926562,12289538.61
2020-08-15,11866.91,219084951477.0,1.939897,11570237.6
2020-08-16,11899.64,219700556192.0,1.943662,11304660.62
2020-08-17,12315.76,227392906120.0,2.004379,9621689.39
2020-08-18,11992.7,221438441189.0,1.950136,10493609.0
2020-08-19,11736.85,216724493357.0,1.907511,10123032.32
2020-08-20,11867.52,219148207450.0,1.926665,10829112.31
2020-08-21,11524.7,212828757689.0,1.869656,11164552.11
2020-08-22,11682.29,215748935173.0,1.894334,9929945.78
2020-08-23,11665.61,215452337488.0,1.890958,11446879.1
2020-08-24,11771.41,217417299095.0,1.906033,10962123.75
2020-08-25,11358.45,209799151719.0,1.838538,9086763.46
2020-08-26,11472.05,211907514134.0,1.855677,10181443.59
2020-08-27,11314.67,209009655885.0,1.829605,9122455.7
2020-08-28,11527.88,212959896208.0,1.861866,11744030.84
2020-08-29,11490.76,212284634016.0,1.855634,10485320.64
2020-08-30,11698.98,216140533747.0,1.887624,9286062.07
2020-08-31,11678.35,215770383728.0,1.881877,10948451.46
2020-09-01,11970.36,221177235000.0,1.924713,11521476.17
2020-09-02,11414.52,210917142600.0,1.834788,10273068.84
2020-09-03,10261.49,189619829719.0,1.652129,8273329.87
2020-09-04,10471.97,193517929901.0,1.685609,8835721.66
2020-09-05,10128.64,187182381369.0,1.631315,8925867.16
2020-09-06,10253.3,189495704608.0,1.651401,9612468.65
2020-09-07,10367.88,191624618869.0,1.670055,11339866.95
2020-09-08,10108.64,186842946952.0,1.628942,9792740.59
2020-09-09,10223.11,188968383426.0,1.647577,9520272.5
2020-09-10,10334.63,191039959917.0,1.665311,10205447.85
2020-09-11,10387.02,192017369943.0,1.673814,8958805.39
2020-09-12,10436.98,192951979972.0,1.681901,11089288.95
2020-09-13,10322.52,190846477252.0,1.663417,10451555.16
2020-09-14,10662.72,197147876035.0,1.717357,11728991.9
2020-09-15,10779.38,199315386280.0,1.734827,10509896.5
2020-09-16,10968.32,202819584770.0,1.762923,10625560.53
2020-09-17,10936.29,202239512660.0,1.756677,12166625.68
2020-09-18,10920.11,201951566927.0,1.752695,11261366.37
2020-09-19,11073.78,204803721046.0,1.775737,10312457.2
2020-09-20,10921.22,201991869982.0,1.75066,9692581.06
2020-09-21,10455.38,193385500706.0,1.676908,9475188.09
2020-09-22,10519.84,194586236941.0,1.685687,8481620.33
2020-09-23,10233.3,189295175073.0,1.640628,9082053.37
2020-09-24,10739.04,198659587209.0,1.720535,9195305.32
2020-09-25,10683.63,197645812953.0,1.710666,11284584.8
2020-09-26,10742.03,198736273242.0,1.719356,10070653.52
2020-09-27,10758.82,199057194328.0,1.721675,10220883.08
2020-09-28,10727.38,198483977030.0,1.71622,8648946.14
2020-09-29,10841.14,200598525115.0,1.731404,9553757.04
2020-09-30,10772.35,199336157854.0,1.719952,10503042.97
2020-10-01,10606.62,196277557843.0,1.693568,8220128.43
2020-10-02,10570.11,195610887018.0,1.687486,8984589.83
2020-10-03,10555.71,195354357356.0,1.685063,9961947.0
2020-10-04,10665.62,197399052168.0,1.702169,10532298.39
2020-10-05,10772.64,199389146257.0,1.718352,9426056.15
2020-10-06,10596.37,196135347147.0,1.690123,8609553.51
2020-10-07,10667.19,197456284574.0,1.700399,10067164.71
2020-10-08,10902.53,201823517432.0,1.736381,11038810.98
2020-10-09,11074.1,205009453845.0,1.761798,9828267.02
2020-10-10,11302.85,209254297811.0,1.797,10101926.02
2020-10-11,11378.26,210660289443.0,1.807703,9955979.71
2020-10-12,11548.4,213821025341.0,1.832849,10754448.95
2020-10-13,11434.97,211732652073.0,1.813484,11863780.11
2020-10-14,11417.11,211412571561.0,1.808802,10632181.93
2020-10-15,11502.58,213006147808.0,1.820505,10855561.04
2020-10-16,11338.99,209987678425.0,1.794076,10984643.83
2020-10-17,11362.8,210439860963.0,1.797326,11149749.68
2020-10-18,11489.62,212797199544.0,1.816657,8617216.92
2020-10-19,11745.81,217551213060.0,1.851665,9176415.6
2020-10-20,11929.46,220963353768.0,1.876999,10736511.53
2020-10-21,12848.49,237996587309.0,2.013415,10439398.63
2020-10-22,12997.5,240767851351.0,2.020187,11129108.81
2020-10-23,12953.43,239962077750.0,2.008499,10605620.56
2020-10-24,13113.87,242946632970.0,2.029028,12458173.58
2020-10-25,13041.64,241618117680.0,2.015688,9536700.01
2020-10-26,13080.66,242349930927.0,2.019542,8992951.12
2020-10-27,13675.52,253379717438.0,2.1037,8461730.43
2020-10-28,13290.33,246251140475.0,2.040493,8306455.53
2020-10-29,13475.22,249685959750.0,2.063571,9095771.68
2020-10-30,13603.3,252068603712.0,2.080174,9437286.66
2020-10-31,13807.23,255857310085.0,2.107476,9751358.74
2020-11-01,13736.9,254564701609.0,2.093168,10731952.67
2020-11-02,13595.56,251953637579.0,2.065861,8072366.58
2020-11-03,13996.92,259403733548.0,2.094975,12247300.97
2020-11-04,14129.15,261868434426.0,2.108234,14040841.02
2020-11-05,15606.47,289263271223.0,2.307493,14338441.4
2020-11-06,15618.97,289509996782.0,2.299192,14935642.43
2020-11-07,14866.36,275573226967.0,2.187115,13565550.13
2020-11-08,15500.0,287332273624.0,2.269764,13368750.61
2020-11-09,15319.82,284009875050.0,2.237517,17713541.84
2020-11-10,15319.28,284013859077.0,2.232287,14074584.53
2020-11-11,15731.24,291666002991.0,2.285633,14453077.77
2020-11-12,16289.81,302038563120.0,2.35643,16289814.9
2020-11-13,16330.06,302799008121.0,2.354553,14186742.03
2020-11-14,16102.01,298584647008.0,2.317867,14290533.89
2020-11-15,15986.75,296462424310.0,2.298831,14987582.8
2020-11-16,16743.05,310504166190.0,2.399796,16743053.94
2020-11-17,17682.17,327937646387.0,2.517386,17350628.51
2020-11-18,17804.69,330228752696.0,2.510233,18806203.84
2020-11-19,17818.67,330503275791.0,2.50443,15257235.04
2020-11-20,18663.78,346198155989.0,2.596127,19596970.95
2020-11-21,18706.59,347011959223.0,2.589987,19758834.99
2020-11-22,18482.69,342878718720.0,2.553777,20099928.24
2020-11-23,18373.26,340865435612.0,2.52776,16880430.57
2020-11-24,19150.25,355296694016.0,2.617746,16277713.39
2020-11-25,18748.39,347859153596.0,2.555478,18162506.41
2020-11-26,17113.72,317545276569.0,2.326869,16044109.57
2020-11-27,17101.6,317336964124.0,2.31954,16460292.9
2020-11-28,17745.38,329299905496.0,2.403131,17079925.66
2020-11-29,18190.87,337583882703.0,2.458531,17053937.7
2020-11-30,19664.41,364943559265.0,2.637219,13887987.87
2020-12-01,18820.61,349301709106.0,2.512907,17879577.4
2020-12-02,19214.87,356634805529.0,2.551977,15732176.64
2020-12-03,19470.31,361394948313.0,2.574959,19105242.87
2020-12-04,18732.97,347725717595.0,2.472301,16859670.38
2020-12-05,19114.63,354827495085.0,2.519097,17203169.82
2020-12-06,19356.31,359330296296.0,2.54723,16452866.63
2020-12-07,19182.18,356115606012.0,2.517487,17983290.78
2020-12-08,18340.98,340515325198.0,2.403413,16506880.32
2020-12-09,18574.7,344870639716.0,2.422361,16136767.79
2020-12-10,18294.85,339689620040.0,2.382354,14864563.15
2020-12-11,18061.76,335377356184.0,2.348037,15578268.02
2020-12-12,18813.28,349347444447.0,2.438335,15520959.11
2020-12-13,19156.08,355731616572.0,2.464116,18677180.44
2020-12-14,19286.75,358175636274.0,2.474237,17478618.36
2020-12-15,19432.59,360900992195.0,2.484072,17003514.91
2020-12-16,21370.72,396914973279.0,2.703951,19100081.28
2020-12-17,22789.27,423279795672.0,2.83898,18373846.85
2020-12-18,23048.76,428122220496.0,2.822218,22616600.23
2020-12-19,23856.77,443154244629.0,2.906877,23558563.85
2020-12-20,23528.55,437079507305.0,2.850832,22205069.64
2020-12-21,22937.42,426117800653.0,2.766909,19496805.59
2020-12-22,23756.89,441362670574.0,2.831514,21232719.34
2020-12-23,23307.27,433031966998.0,2.751801,22433248.24
2020-12-24,23707.63,440489071173.0,2.773205,18669761.02
2020-12-25,24669.16,458376575231.0,2.877421,22202247.89
2020-12-26,26478.07,492010402697.0,3.067328,22671845.82
2020-12-27,26430.86,491157576017.0,3.03387,24448542.35
2020-12-28,27039.35,502492068165.0,3.033361,27039349.02
2020-12-29,27231.2,506083309590.0,3.006909,25869643.28
2020-12-30,28844.61,536099036612.0,3.148488,31007959.7
2020-12-31,29022.67,539438485763.0,3.140996,30111021.59
2021-01-01,29380.69,546120334521.0,3.145923,27360771.04
2021-01-02,32022.68,595259096892.0,3.361838,30221405.25
2021-01-03,33277.84,618623608665.0,3.433605,32861862.36
2021-01-04,31802.15,591225447116.0,3.239264,34386071.13
2021-01-05,34013.17,632363459586.0,3.407816,33375427.16
2021-01-06,36643.28,681302148777.0,3.600957,40536625.98
2021-01-07,39215.65,729171021092.0,3.742047,41176433.71
2021-01-08,40775.4,758210602559.0,3.788639,37717249.22
2021-01-09,40370.68,750719944876.0,3.688328,35072030.29
2021-01-10,38329.34,712797906123.0,3.476152,38089781.79
2021-01-11,35269.51,655929285013.0,3.177233,33946906.95
2021-01-12,33712.47,627003122629.0,3.024579,31184033.4
2021-01-13,37296.55,693697236158.0,3.318933,35431720.15
2021-01-14,39045.52,726263096561.0,3.439686,35873069.98
2021-01-15,36710.32,682862938505.0,3.216919,35563120.01
2021-01-16,36177.26,672980587612.0,3.160028,33237858.63
2021-01-17,36069.94,671014140603.0,3.14209,29983137.18
2021-01-18,36594.3,680801989756.0,3.167897,33163581.11
2021-01-19,36250.15,674433161170.0,3.127799,33757948.64
2021-01-20,35515.48,660796011361.0,3.056408,31298016.76
2021-01-21,31022.95,577233663033.0,2.672,25012254.27
2021-01-22,32986.44,613796635287.0,2.835706,29069296.51
2021-01-23,32036.28,596147845573.0,2.750804,31235375.22
2021-01-24,32216.1,599522055193.0,2.76377,27987740.6
2021-01-25,32419.71,603339325091.0,2.777192,28367242.7
2021-01-26,32640.64,607483795108.0,2.791608,32844643.14
2021-01-27,30358.93,565045318371.0,2.584167,26943554.57
2021-01-28,33511.29,623747780661.0,2.835372,30369604.38
2021-01-29,34166.15,635969224451.0,2.871276,32457841.95
2021-01-30,34349.92,639419076069.0,2.878188,29197429.53
2021-01-31,33157.83,617258425468.0,2.77013,29842049.32
2021-02-01,33570.27,624961266006.0,2.798474,24967889.69
2021-02-02,35596.15,662710063273.0,2.952477,34038817.39
2021-02-03,37578.37,699649284858.0,3.101614,35229724.88
2021-02-04,37129.2,691323581112.0,3.046232,37129202.94
2021-02-05,38045.41,708423060289.0,3.094287,40185468.12
2021-02-06,39341.73,732600102916.0,3.184288,39095841.29
2021-02-07,39003.01,726330767435.0,3.1412,38027936.88
2021-02-08,46121.93,858949072827.0,3.657417,46698458.25
2021-02-09,46548.16,866928505326.0,3.61855,41602419.78
2021-02-10,45078.13,839590396720.0,3.466834,40288577.21
2021-02-11,47892.84,892053672306.0,3.645852,38613602.99
2021-02-12,47525.21,885248328501.0,3.579752,42178623.11
2021-02-13,47208.63,879397542244.0,3.547737,46323463.31
2021-02-14,48829.83,909642134134.0,3.654753,45167590.45
2021-02-15,48110.24,896282713833.0,3.561481,45704729.65
2021-02-16,49140.38,915511120381.0,3.612517,37162414.38
2021-02-17,52224.94,973022997734.0,3.794325,45044009.99
2021-02-18,51650.07,962356492673.0,3.709691,44225372.39
2021-02-19,55820.5,1040114403937.0,3.909866,53378357.34
2021-02-20,55861.82,1040935228534.0,3.87797,50973911.27
2021-02-21,57500.72,1071525228027.0,3.9581,50672506.07
2021-02-22,53952.15,1005442646563.0,3.686957,44847727.46
2021-02-23,48560.49,905003103158.0,3.289332,38544888.17
2021-02-24,49567.35,923816728819.0,3.329944,49257549.78
2021-02-25,47568.13,886602532433.0,3.176826,46378927.89
2021-02-26,46231.77,861734772437.0,3.065721,40163848.08
2021-02-27,45834.51,854375146984.0,3.044789,44975116.24
2021-02-28,45359.46,845557162612.0,3.008864,37138061.28
2021-03-01,49634.45,925288521256.0,3.269931,40327988.28
2021-03-02,48304.71,900542565669.0,3.170615,43172330.53
2021-03-03,50690.47,945068375223.0,3.313517,48155943.82
2021-03-04,48472.8,903761087528.0,3.161905,38778236.38
2021-03-05,48800.82,909922405336.0,3.171069,45445761.17
2021-03-06,48970.52,913133225105.0,3.17593,46521998.26
2021-03-07,51086.47,952634973107.0,3.3055,46616402.21
2021-03-08,52088.48,971370359589.0,3.350023,50460710.28
2021-03-09,54739.14,1020849011793.0,3.498556,47896743.35
2021-03-10,56116.04,1046579658341.0,3.562933,52258063.1
2021-03-11,57847.25,1078915001903.0,3.63177,47723985.32
2021-03-12,57334.64,1069407948748.0,3.570586,53751226.44
2021-03-13,61288.79,1143215732519.0,3.789576,54776859.75
2021-03-14,59905.62,1117474232904.0,3.684841,58782388.12
2021-03-15,56121.12,1046930473231.0,3.437358,51912037.78
2021-03-16,56500.45,1054059319177.0,3.442313,52616040.36
2021-03-17,58683.07,1094827655431.0,3.553839,49880606.09
2021-03-18,57731.48,1077129119414.0,3.486517,54844905.85
2021-03-19,58168.12,1085329605069.0,3.503419,53805512.78
2021-03-20,58247.88,1086873922162.0,3.497319,56063589.03
2021-03-21,57447.93,1072003269491.0,3.440164,56011734.69
2021-03-22,54453.14,1016170477566.0,3.250923,51390148.37
2021-03-23,54563.61,1018286990170.0,3.236143,54904634.52
2021-03-24,52595.41,981605643202.0,3.110419,49965640.76
2021-03-25,51547.12,962090739266.0,3.036122,49614107.71
2021-03-26,54817.86,1023183245013.0,3.208831,46595178.55
2021-03-27,56019.84,1045674049178.0,3.268971,55669713.32
2021-03-28,55713.04,1040002658248.0,3.24473,55364831.65
2021-03-29,57571.23,1074744167037.0,3.337957,54332851.47
2021-03-30,58684.55,1095581166693.0,3.383301,53549650.41
2021-03-31,58792.19,1097648506571.0,3.375535,57689841.17
2021-04-01,58818.98,1098201835462.0,3.355984,53304698.0
2021-04-02,59031.53,1102222111989.0,3.35413,51652592.27
2021-04-03,57282.39,1069609423124.0,3.251875,46899956.51
2021-04-04,58202.2,1086837744784.0,3.298301,53109506.95
2021-04-05,58755.85,1097233663848.0,3.320234,57286956.22
2021-04-06,58084.07,1084740698497.0,3.229143,52275659.78
2021-04-07,56266.83,1050858458013.0,3.122141,55211831.53
2021-04-08,57963.34,1082591596128.0,3.205781,48544301.1
2021-04-09,58051.76,1084298143058.0,3.203576,55149174.43
2021-04-10,59651.56,1114237875676.0,3.275651,58533092.26
2021-04-11,59932.93,1119547961331.0,3.283537,54314218.4
2021-04-12,59905.94,1119097619042.0,3.267599,53915342.74
2021-04-13,63445.64,1185278789468.0,3.434531,56308004.0
2021-04-14,62869.5,1174568449691.0,3.376224,53046136.9
2021-04-15,63231.16,1181393313260.0,3.374199,67973500.21
2021-04-16,61571.11,1150416986978.0,3.276649,39636402.12
2021-04-17,60280.88,1126344072578.0,3.199627,34284748.32
2021-04-18,56389.56,1053678758609.0,2.959842,43701907.44
2021-04-19,55798.14,1042661468498.0,2.925755,33827620.6
2021-04-20,56474.37,1055343018462.0,2.955329,45179499.01
2021-04-21,54025.8,1009620339155.0,2.826536,34103785.98
2021-04-22,51882.06,969605047752.0,2.709607,46369590.96
2021-04-23,50954.91,952320874674.0,2.659158,42993205.36
2021-04-24,50279.95,939751744133.0,2.619115,45566203.28
2021-04-25,48946.94,914880447464.0,2.549889,43134491.53
2021-04-26,53943.35,1008308106916.0,2.799478,38434636.86
2021-04-27,55027.03,1028613088872.0,2.842559,48836490.0
2021-04-28,54787.38,1024181924009.0,2.825204,48623798.6
2021-04-29,53567.08,1001410824175.0,2.752898,40844899.41
2021-04-30,57741.44,1079500865487.0,2.950924,52328184.0
2021-05-01,57863.59,1081834705465.0,2.952328,50268994.15
2021-05-02,56572.6,1057763322366.0,2.882478,65412065.1
2021-05-03,57243.04,1070362250436.0,2.909187,63325114.78
2021-05-04,53724.11,1004624064123.0,2.726763,60775398.22
2021-05-05,57342.03,1072334244436.0,2.90068,56266862.68
2021-05-06,56527.35,1057159380528.0,2.845644,60060312.54
2021-05-07,57341.07,1072438910565.0,2.869115,61641648.59
2021-05-08,58736.13,1098593174226.0,2.933892,62774234.55
2021-05-09,58288.43,1090287204599.0,2.904725,67760294.8
2021-05-10,55902.93,1045729267184.0,2.782089,62890793.71
2021-05-11,56612.1,1059056066491.0,2.812806,60858010.35
2021-05-12,50972.36,953606762907.0,2.52871,54795281.71
2021-05-13,49368.61,923653159148.0,2.448948,49677168.31
2021-05-14,49997.4,935459104299.0,2.47934,41872819.07
2021-05-15,47047.96,880310927346.0,2.333814,36168121.81
2021-05-16,46022.5,861161597489.0,2.283858,37968565.56
2021-05-17,43492.4,813851735267.0,2.164289,32891124.08
2021-05-18,42789.81,800731332067.0,2.131798,26743630.87
2021-05-19,37642.52,704438836807.0,1.888921,29408218.75
2021-05-20,40799.4,763545013579.0,2.052056,28559581.5
2021-05-21,37174.33,695728769938.0,1.874488,25557352.63
2021-05-22,37643.42,704535197247.0,1.901629,27291479.35
2021-05-23,34774.21,650860805398.0,1.758903,25863316.62
2021-05-24,38630.41,723066857297.0,1.948679,30421447.18
2021-05-25,38269.77,716346014296.0,1.93329,29419886.51
2021-05-26,39194.86,733691994945.0,1.978864,29886079.91
2021-05-27,38510.86,720916265383.0,1.946362,28161064.21
2021-05-28,35596.72,666390584725.0,1.802791,26475058.98
2021-05-29,34681.82,649288294161.0,1.758195,25144318.32
2021-05-30,35652.17,667486590030.0,1.805739,32086951.89
2021-05-31,37312.97,698613395866.0,1.88939,32882059.13
2021-06-01,36661.38,686446041529.0,1.854908,32536973.08
2021-06-02,37639.46,704798573852.0,1.905099,39050935.26
2021-06-03,39160.15,733309551806.0,1.97914,35978388.19
2021-06-04,36884.37,690723752476.0,1.866854,30199080.85
2021-06-05,35409.57,663134442423.0,1.793784,28991583.18
2021-06-06,35720.6,668992893682.0,1.810389,33488066.58
2021-06-07,33724.91,631644548545.0,1.712556,28033829.57
2021-06-08,33475.05,626996036535.0,1.704211,31173639.31
2021-06-09,37372.99,700034858091.0,1.89766,29431228.76
2021-06-10,36826.0,689816389289.0,1.871207,27159176.64
2021-06-11,37185.39,696572821849.0,1.888607,24402914.24
2021-06-12,35669.17,668199727377.0,1.812541,29427066.31
2021-06-13,38925.42,729231971944.0,1.976225,32113471.03
2021-06-14,40455.6,757932558315.0,2.049845,34134409.11
2021-06-15,40254.65,754200836377.0,2.037987,32958495.89
2021-06-16,38265.54,716962840858.0,1.93789,29416636.78
2021-06-17,38018.64,712367675979.0,1.927487,30890147.63
2021-06-18,35714.31,669218352696.0,1.812459,27678591.86
2021-06-19,35555.98,666274332005.0,1.805038,22889159.81
2021-06-20,35599.94,667121552365.0,1.80746,23362461.86
2021-06-21,31715.16,594343881161.0,1.615499,20813073.66
2021-06-22,32394.56,607094219838.0,1.6515,18424403.49
2021-06-23,33610.5,629902934905.0,1.713698,21216626.11
2021-06-24,34658.97,649575438469.0,1.766672,22744950.95
2021-06-25,31683.5,593831228445.0,1.630917,21782408.45
2021-06-26,31890.68,597731932924.0,1.643034,17739188.77
2021-06-27,34506.49,646773066239.0,1.776256,12508603.06
2021-06-28,34376.19,644349642813.0,1.769776,18906903.7
2021-06-29,35933.78,673565423656.0,1.849676,20212750.25
2021-06-30,35065.47,657308520166.0,1.805586,19286006.38
2021-07-01,33505.08,628078911133.0,1.727368,20103048.3
2021-07-02,33782.95,633306719050.0,1.746141,19002907.09
2021-07-03,34588.22,648430198161.0,1.787452,27454403.03
2021-07-04,35355.61,662841855840.0,1.826545,25411843.17
2021-07-05,33911.75,635800664839.0,1.752492,27977196.92
2021-07-06,34123.98,639809939900.0,1.763786,30285033.64
2021-07-07,33931.62,636229302845.0,1.753797,26084931.83
2021-07-08,32819.66,615408206333.0,1.69799,28512079.22
2021-07-09,33914.88,635972699232.0,1.754049,27767808.88
2021-07-10,33610.95,630307119098.0,1.738517,33821014.25
2021-07-11,34258.44,642476387838.0,1.77175,26764407.34
2021-07-12,33135.24,621438096853.0,1.713117,26093998.28
2021-07-13,32641.98,612214949439.0,1.688811,27745679.57
2021-07-14,32798.28,615181434967.0,1.697935,34848177.3
2021-07-15,31707.69,594751052035.0,1.643649,25366152.03
2021-07-16,31455.72,590054215681.0,1.632215,29489735.23
2021-07-17,31547.95,591812552914.0,1.6304,28195981.38
2021-07-18,31707.7,594837912850.0,1.639258,28536933.47
2021-07-19,30883.47,579408058603.0,1.597726,32813686.61
2021-07-20,29766.66,558478126515.0,1.540648,22697076.51
2021-07-21,32119.66,602653902984.0,1.661721,29108439.36
2021-07-22,32306.96,606199143137.0,1.670493,30893531.87
2021-07-23,33439.6,627479802971.0,1.732407,28214658.87
2021-07-24,34166.91,641160519676.0,1.769606,32885655.36
2021-07-25,35119.94,659078087900.0,1.818485,33583440.17
2021-07-26,37444.78,702742383038.0,1.930109,35104483.6
2021-07-27,39126.54,734346228533.0,2.001791,41571949.06
2021-07-28,39939.19,749637705826.0,2.033833,39190334.15
2021-07-29,40086.16,752436348341.0,2.017407,40086164.4
2021-07-30,41789.67,784455260094.0,2.099162,43356779.61
2021-07-31,41793.31,784564984126.0,2.098153,41270897.33
2021-08-01,39968.97,750355941541.0,2.006838,38470132.62
2021-08-02,39304.19,737910797087.0,1.972934,35128116.49
2021-08-03,38288.83,718888492619.0,1.922865,40442571.83
2021-08-04,39773.91,746805401842.0,1.995698,33807824.65
2021-08-05,40941.65,768772119139.0,2.052275,40941650.43
2021-08-06,42790.36,803528296774.0,2.140828,42522917.6
2021-08-07,44484.9,835395295482.0,2.22289,46431114.99
2021-08-08,43972.3,825812457039.0,2.195821,43422647.26
2021-08-09,46265.64,868926021044.0,2.303684,43952360.33
2021-08-10,45488.79,854382704550.0,2.261489,46910315.99
2021-08-11,45676.33,857947004307.0,2.268173,41965124.84
2021-08-12,44405.75,834123407129.0,2.203437,41907925.0
2021-08-13,47717.49,896373859155.0,2.36259,42349268.25
2021-08-14,47124.21,885277380213.0,2.327809,48302310.2
2021-08-15,47074.37,884394736774.0,2.323986,53547096.68
2021-08-16,45984.72,863969541716.0,2.268193,46272124.41
2021-08-17,44714.1,840144904105.0,2.204709,48067654.06
2021-08-18,44954.36,844697273128.0,2.213681,37930244.41
2021-08-19,46646.86,876544383506.0,2.29313,44897604.2
2021-08-20,49240.84,925337170100.0,2.414499,49240835.6
2021-08-21,49070.24,922183481120.0,2.403261,52137131.03
2021-08-22,49363.32,927741877823.0,2.414997,50597399.0
2021-08-23,49590.88,932079739908.0,2.42004,61058766.53
2021-08-24,47925.86,900831282246.0,2.337946,46128642.38
2021-08-25,49002.32,921113698122.0,2.37902,49002316.6
2021-08-26,47190.34,887096494654.0,2.287787,43061189.81
2021-08-27,49048.48,922070878172.0,2.375148,44756733.98
2021-08-28,48852.47,918429163463.0,2.363962,43051238.13
2021-08-29,48948.35,920279421678.0,2.367278,47724639.26
2021-08-30,47125.77,886052810980.0,2.277961,39762367.19
2021-08-31,47219.24,887852829053.0,2.280111,42497319.91
2021-09-01,48688.54,915521308402.0,2.346385,41689560.28
2021-09-02,49369.59,928373472804.0,2.375035,45975427.22
2021-09-03,49860.53,937651654079.0,2.39539,46120994.1
2021-09-04,49919.58,938810353595.0,2.395772,48359590.76
2021-09-05,51747.64,973242843767.0,2.480947,53041334.95
2021-09-06,52640.59,990093469708.0,2.519314,56588632.5
2021-09-07,46854.4,881308435815.0,2.245742,44804520.58
2021-09-08,46187.98,868814300650.0,2.213573,40991828.46
2021-09-09,46448.77,873759807786.0,2.222094,39771763.45
2021-09-10,44765.28,842129122358.0,2.142454,38050484.24
2021-09-11,45098.59,848441215860.0,2.157808,41716197.27
2021-09-12,46180.61,868839735686.0,2.208217,42428437.69
2021-09-13,44991.52,846512959971.0,2.151863,44710325.11
2021-09-14,47022.62,884777283875.0,2.245175,49373748.65
2021-09-15,48167.19,906356284523.0,2.293761,42748380.56
2021-09-16,47797.33,899437280896.0,2.273982,40627729.08
2021-09-17,47213.79,888499868900.0,2.24495,43377673.36
2021-09-18,48204.01,907181161198.0,2.290427,46697638.23
2021-09-19,47218.47,888680899051.0,2.242942,47218474.0
2021-09-20,42855.51,806611150255.0,2.040586,43926898.1
2021-09-21,40526.49,762806301935.0,1.933233,31154738.71
2021-09-22,43577.57,820271543076.0,2.075944,36496216.95
2021-09-23,44861.3,844481693317.0,2.135309,46263213.6
2021-09-24,42803.31,805781097473.0,2.03894,39593059.62
2021-09-25,42735.27,804538656841.0,2.035667,38461739.24
2021-09-26,43131.29,812031799027.0,2.04053,37470311.82
2021-09-27,42496.79,800127083577.0,2.010426,41168760.69
2021-09-28,41223.79,776198293483.0,1.951689,39162596.96
2021-09-29,41453.95,780565646921.0,1.962665,33681331.95
2021-09-30,43781.55,824440444029.0,2.069864,46791527.3
2021-10-01,48078.13,905390548127.0,2.265656,42068365.11
2021-10-02,47792.44,900066645699.0,2.248711,56156116.05
2021-10-03,48202.62,907836753956.0,2.266398,45189958.99
2021-10-04,49288.5,928335986047.0,2.312843,48056288.78
2021-10-05,51558.05,971135174369.0,2.411845,52847000.57
2021-10-06,55419.8,1043919575657.0,2.572944,45374961.59
2021-10-07,53805.16,1013552627932.0,2.490027,47415794.53
2021-10-08,53933.53,1016011255922.0,2.492001,40450145.69
2021-10-09,55010.92,1036359022484.0,2.538239,51572739.82
2021-10-10,54701.28,1030579975221.0,2.520124,54359396.7
2021-10-11,57289.19,1079388786986.0,2.631559,52276382.64
2021-10-12,56196.18,1058842478838.0,2.574419,47064301.81
2021-10-13,57348.89,1080622323471.0,2.620098,60574768.1
2021-10-14,57384.04,1081333675898.0,2.613922,49135081.61
2021-10-15,61446.08,1157932253824.0,2.783787,54149361.53
2021-10-16,60932.06,1148296342323.0,2.755062,50649777.54
2021-10-17,61462.22,1158348928965.0,2.775039,61462222.37
2021-10-18,61977.06,1168109108621.0,2.778277,57328778.24
2021-10-19,64290.9,1211781363656.0,2.868439,62281807.2
2021-10-20,66061.8,1245221514980.0,2.928317,61520048.05
2021-10-21,62373.89,1175764509578.0,2.756592,57695844.2
2021-10-22,60750.97,1145232055939.0,2.683022,59991580.28
2021-10-23,61250.08,1154696513457.0,2.702489,55507887.38
2021-10-24,60865.45,1147503503631.0,2.679081,58202583.74
2021-10-25,63031.67,1188415315426.0,2.761945,71698527.93
2021-10-26,60393.98,1138740201959.0,2.643401,56619356.51
2021-10-27,58563.34,1104280514496.0,2.563731,57465273.44
2021-10-28,60564.57,1142074087990.0,2.644476,57914872.08
2021-10-29,62230.81,1173560980221.0,2.709232,66509173.45
2021-10-30,61742.92,1164420084617.0,2.685448,59813450.39
2021-10-31,61432.97,1158628121728.0,2.660031,53369892.74
2021-11-01,61092.1,1152255716550.0,2.639313,56510187.93
2021-11-02,63024.75,1188769633683.0,2.705647,62236937.89
2021-11-03,62955.98,1187535932342.0,2.692668,63349456.65
2021-11-04,61393.89,1158125134065.0,2.624436,54870789.17
2021-11-05,61005.84,1150864132606.0,2.601771,59099408.31
2021-11-06,61455.05,1159397601037.0,2.617492,59150489.12
2021-11-07,63043.83,1189431376524.0,2.682305,60285661.54
2021-11-08,67541.76,1274349562679.0,2.85465,56988356.21
2021-11-09,67095.59,1265995157806.0,2.825349,63740806.39
2021-11-10,64756.08,1221912387624.0,2.721055,60304097.61
2021-11-11,64962.93,1225879749587.0,2.723236,64150894.65
2021-11-12,64078.97,1209255835199.0,2.650243,56870084.13
2021-11-13,64397.79,1215334035223.0,2.661046,61580387.84
2021-11-14,65032.23,1227371081398.0,2.68488,63812871.42
2021-11-15,63753.5,1203297567403.0,2.626068,60167368.61
2021-11-16,60322.5,1138596574917.0,2.481174,56552341.74
2021-11-17,60154.31,1135477990766.0,2.470658,56018699.67
2021-11-18,56794.16,1072102568248.0,2.33764,51114740.06
2021-11-19,58014.07,1095180607639.0,2.386217,49674550.0
2021-11-20,59749.47,1127995381461.0,2.455018,54147960.65
2021-11-21,59032.62,1114510856673.0,2.42488,48701914.88
2021-11-22,56383.57,1064547451127.0,2.319019,49688017.43
2021-11-23,57642.27,1088359834859.0,2.368766,47554869.28
2021-11-24,57141.83,1078967043353.0,2.346843,56070421.06
2021-11-25,59008.66,1114264869560.0,2.404923,47944532.58
2021-11-26,53800.62,1015965489485.0,2.198436,44385509.72
2021-11-27,54635.88,1031787373972.0,2.23273,48830819.95
2021-11-28,57248.57,1081177168315.0,2.336712,49734694.92
2021-11-29,57920.71,1093922763691.0,2.359439,51766635.21
2021-11-30,57097.01,1078413765009.0,2.324579,47818748.22
2021-12-01,57180.61,1080041656303.0,2.324286,48960897.18
2021-12-02,56582.89,1068806660306.0,2.300197,54814678.34
2021-12-03,53671.62,1013871254043.0,2.184992,56355196.87
2021-12-04,49159.74,928688246483.0,2.009167,47623494.05
2021-12-05,49327.09,931901019327.0,2.016818,51176859.61
2021-12-06,50535.43,954783478279.0,2.067538,54325582.12
2021-12-07,50574.47,955569896396.0,2.064377,48677930.1
2021-12-08,50500.65,954228172561.0,2.061719,53025687.07
2021-12-09,47937.82,905851378783.0,1.960547,48836657.02
2021-12-10,47437.23,896438217379.0,1.941374,46251298.25
2021-12-11,49321.77,932097595290.0,2.016911,46547419.8
2021-12-12,50136.57,947539855067.0,2.049751,43869500.72
2021-12-13,46785.33,884245329815.0,1.9153,41229570.16
2021-12-14,48292.68,912779083730.0,1.974878,44670731.08
2021-12-15,48830.62,922989712160.0,1.995927,43031985.98
2021-12-16,47663.47,900962599447.0,1.94872,34258118.42
2021-12-17,46334.48,875884494656.0,1.896527,43148987.99
2021-12-18,46904.87,886704391681.0,1.919526,37523898.94
2021-12-19,46876.43,886210279076.0,1.918249,43653672.57
2021-12-20,46954.76,887733510019.0,1.922187,42259287.13
2021-12-21,49082.06,928001919405.0,2.007205,49388825.36
2021-12-22,48692.1,920673856890.0,1.99087,45040191.33
2021-12-23,50712.97,958932834187.0,2.070151,48177322.23
2021-12-24,50783.83,960320724016.0,2.071635,47927243.73
2021-12-25,50590.45,956710327600.0,2.064058,46479976.76
2021-12-26,50798.31,960683606727.0,2.071542,42543581.77
2021-12-27,50796.38,960694114316.0,2.070718,46986649.35
2021-12-28,47673.04,901663524613.0,1.945825,39926174.39
2021-12-29,46470.32,878957961886.0,1.89846,42113728.93
2021-12-30,47102.46,890949566257.0,1.923609,35032456.86
2021-12-31,46355.12,876856588254.0,1.893386,43168203.01
2022-01-01,47560.01,899699536194.0,1.941966,51127010.09
2022-01-02,47352.56,895821904624.0,1.933497,46760650.78
2022-01-03,46453.43,878852778923.0,1.897502,40646753.31
2022-01-04,45905.96,868537343385.0,1.876886,42176101.78
2022-01-05,43530.94,823643008456.0,1.782277,40810260.04
2022-01-06,43144.97,816379327437.0,1.768058,39369780.83
2022-01-07,41512.78,785531894864.0,1.704571,36323686.51
2022-01-08,41799.81,791000850844.0,1.716993,37619831.6
2022-01-09,41886.5,792678163975.0,1.720821,36912476.85
2022-01-10,41816.95,791399129617.0,1.718639,37112544.06
2022-01-11,42768.18,809443647924.0,1.75804,42233576.38
2022-01-12,43961.03,832058044393.0,1.805597,38191141.81
2022-01-13,42626.87,806853831548.0,1.752042,47688805.66
2022-01-14,43102.65,815902410550.0,1.771675,42833256.07
2022-01-15,43206.67,817916391881.0,1.775752,44826924.77
2022-01-16,43168.86,817247761098.0,1.774015,47215940.26
2022-01-17,42211.27,799161712731.0,1.736307,42475090.84
2022-01-18,42431.23,803362185168.0,1.745912,36066547.17
2022-01-19,41787.72,791223617187.0,1.721981,45182974.43
2022-01-20,40756.13,771734062476.0,1.681575,43048658.26
2022-01-21,36492.29,691027075447.0,1.514791,30562290.55
2022-01-22,34996.39,662729719330.0,1.455166,29309477.43
2022-01-23,36271.05,686900017939.0,1.508379,31963863.05
2022-01-24,36659.73,694295100609.0,1.526343,34368492.39
2022-01-25,36952.59,699876683066.0,1.538881,35104957.43
2022-01-26,36825.82,697505746692.0,1.53466,29920982.49
2022-01-27,37021.94,701250560952.0,1.543764,30311711.03
2022-01-28,37768.85,715434506562.0,1.576578,36352515.7
2022-01-29,38088.29,721521023451.0,1.592485,35469721.21
2022-01-30,37983.51,719570704158.0,1.589486,34659949.58
2022-01-31,38462.67,728682541999.0,1.60969,34376013.46
2022-02-01,38787.96,734882587286.0,1.614528,37333415.43
2022-02-02,36942.33,699950267340.0,1.539179,35326103.78
2022-02-03,37057.65,702169321610.0,1.544771,34046717.95
2022-02-04,41079.91,778416466656.0,1.709053,33377423.7
2022-02-05,41508.58,786570243049.0,1.72616,30872007.63
2022-02-06,42358.23,802711930525.0,1.760874,41299269.54
2022-02-07,43888.98,831757893939.0,1.82161,37305633.1
2022-02-08,44167.44,837077702293.0,1.83153,42511165.61
2022-02-09,44405.07,841620177987.0,1.840095,38854439.05
2022-02-10,43614.34,826673340570.0,1.806668,40070677.35
2022-02-11,42357.32,802885153205.0,1.754237,37592123.05
2022-02-12,42173.46,799449167810.0,1.745951,49290230.67
2022-02-13,42195.59,799910438395.0,1.746705,41668149.81
2022-02-14,42646.16,808492710850.0,1.765132,40780392.28
2022-02-15,44511.91,843912516713.0,1.839747,48684899.91
2022-02-16,44065.71,835495877044.0,1.82076,42964066.54
2022-02-17,40610.02,770015151407.0,1.68075,39848586.31
2022-02-18,40044.22,759320197986.0,1.658393,33537034.66
2022-02-19,40095.89,760337246150.0,1.660633,37339295.08
2022-02-20,38551.62,731088089618.0,1.597672,34696460.25
2022-02-21,37098.04,703550978541.0,1.53936,28519115.18
2022-02-22,38202.59,724534819640.0,1.585256,36292464.38
2022-02-23,37308.27,707608386324.0,1.54856,34976501.94
2022-02-24,38283.79,726142231115.0,1.589006,31584127.08
2022-02-25,39323.77,745900830760.0,1.632121,32933657.56
2022-02-26,39056.58,740863193300.0,1.62158,30512951.68
2022-02-27,37664.78,714494212586.0,1.564734,32015062.39
2022-02-28,43179.25,819144394070.0,1.785887,41560032.47
2022-03-01,44334.46,841104392826.0,1.831088,44888638.3
2022-03-02,43984.58,834504066222.0,1.815856,37386897.19
2022-03-03,42492.77,806239776435.0,1.753488,39305816.37
2022-03-04,39106.41,742022224695.0,1.617161,33973689.53
2022-03-05,39383.88,747317522202.0,1.628629,30276361.47
2022-03-06,38399.34,728667065434.0,1.588285,31439461.78
2022-03-07,38146.73,723908847547.0,1.578754,35285729.2
2022-03-08,38725.48,734927448074.0,1.603838,35821066.47
2022-03-09,41989.4,796906050430.0,1.735654,36215859.93
2022-03-10,39482.26,749359384984.0,1.630631,35780796.74
2022-03-11,38825.36,736925253814.0,1.605299,33486876.81
2022-03-12,38951.13,739350326403.0,1.610487,37977351.77
2022-03-13,37808.32,717693726421.0,1.563583,35681599.55
2022-03-14,39649.05,752673129199.0,1.638924,37914399.59
2022-03-15,39356.81,747159778521.0,1.627392,34191232.08
2022-03-16,41101.77,780326259893.0,1.697348,39817338.31
2022-03-17,40966.42,777797289016.0,1.69308,40710376.83
2022-03-18,41826.12,794157105661.0,1.727491,37382091.24
2022-03-19,42193.16,801167113251.0,1.742021,40874625.24
2022-03-20,41294.72,784147246647.0,1.705072,39746171.38
2022-03-21,41064.43,779813454595.0,1.695351,39267860.85
2022-03-22,42383.17,804895791994.0,1.74811,39469326.61
2022-03-23,42734.2,811600915721.0,1.761429,38727868.78
2022-03-24,43974.59,835197568856.0,1.810652,39302293.02
2022-03-25,44347.03,842314472588.0,1.816864,43238358.42
2022-03-26,44519.93,845643141455.0,1.823442,44798176.41
2022-03-27,46777.21,888557797875.0,1.912929,38298837.11
2022-03-28,47223.65,897085228549.0,1.92607,46928505.06
2022-03-29,47463.71,901690266880.0,1.931857,44793876.01
2022-03-30,47123.3,895263051309.0,1.916463,39760281.97
2022-03-31,45562.21,865644342353.0,1.854211,39297406.7
2022-04-01,46250.34,878758918482.0,1.88018,40758108.85
2022-04-02,45939.9,872899323456.0,1.867666,38761788.39
2022-04-03,46440.54,882452402069.0,1.886983,40345222.47
2022-04-04,46663.0,886725621050.0,1.894587,46079716.62
2022-04-05,45693.04,868334945220.0,1.855219,41409313.02
2022-04-06,43304.94,822992941537.0,1.760917,40598378.62
2022-04-07,43569.05,828049823775.0,1.771823,37578303.18
2022-04-08,42222.07,802485243344.0,1.7187,35360982.77
2022-04-09,42680.99,811248536967.0,1.737109,40813701.22
2022-04-10,42264.46,803368401023.0,1.720498,36981405.47
2022-04-11,39544.03,751691818358.0,1.612533,33859571.56
2022-04-12,40096.37,762229617849.0,1.63303,38342150.92
2022-04-13,41152.76,782347510376.0,1.675448,36008661.02
2022-04-14,39916.5,758879643234.0,1.6241,34427978.13
2022-04-15,40527.33,770532674214.0,1.648615,40020740.31
2022-04-16,40439.59,768898298023.0,1.645199,33868155.05
2022-04-17,39704.78,754968041604.0,1.615563,40945558.48
2022-04-18,40818.88,776186219649.0,1.660587,34185810.83
2022-04-19,41489.66,788973605180.0,1.687159,32154489.45
2022-04-20,41395.64,787227117425.0,1.683057,41395644.58
2022-04-21,40457.5,769428938686.0,1.642192,42733230.09
2022-04-22,39737.97,755778442608.0,1.614479,33528915.14
2022-04-23,39582.45,752860950838.0,1.60826,40324625.9
2022-04-24,39511.65,751556383526.0,1.605509,42228071.33
2022-04-25,40473.75,769897648000.0,1.644602,40979670.17
2022-04-26,38072.8,724259783051.0,1.549627,33313700.76
2022-04-27,39218.54,746096829666.0,1.596096,41669696.22
2022-04-28,39747.99,756201958477.0,1.617508,32792091.28
2022-04-29,38609.51,734578607328.0,1.572635,36196411.79
2022-04-30,37714.09,717578011718.0,1.537293,35356964.04
2022-05-01,38459.23,731795620565.0,1.567382,40141818.16
2022-05-02,38566.06,733867042101.0,1.573983,38566062.89
2022-05-03,37704.41,717506054792.0,1.540983,35347879.98
2022-05-04,39641.85,754411390673.0,1.618771,36173190.11
2022-05-05,36502.02,694694154668.0,1.493351,35817611.6
2022-05-06,36043.0,685990134639.0,1.476078,31988162.11
2022-05-07,35508.71,675852998119.0,1.454867,31735910.48
2022-05-08,34058.91,648291225672.0,1.397053,32994565.85
2022-05-09,30457.92,579778106079.0,1.257464,29506111.76
2022-05-10,30990.74,589950045320.0,1.2822,29634890.5
2022-05-11,28796.56,548207026149.0,1.198899,26096879.62
2022-05-12,29030.71,552689095254.0,1.211575,24494659.07
2022-05-13,29285.93,557575962443.0,1.224581,27821637.94
2022-05-14,30051.94,572186367858.0,1.254528,26483268.38
2022-05-15,31182.62,593738302710.0,1.301371,23776748.7
2022-05-16,29889.61,569149173743.0,1.248817,30636852.79
2022-05-17,30438.19,579623074736.0,1.272635,27965091.15
2022-05-18,28771.22,547903613073.0,1.204898,24095897.15
2022-05-19,30257.89,576237927168.0,1.268266,23071637.5
2022-05-20,29224.25,556576449742.0,1.226785,23379396.8
2022-05-21,29420.08,560330903434.0,1.235286,24823191.05
2022-05-22,30331.88,577719993301.0,1.273331,23128054.8
2022-05-23,29088.25,554062243387.0,1.222939,29088251.54
2022-05-24,29643.68,564664143268.0,1.246432,22232762.82
2022-05-25,29577.26,563425495600.0,1.244237,26619533.89
2022-05-26,29332.49,558788579643.0,1.235101,25849253.33
2022-05-27,28612.04,545088669359.0,1.206888,24677885.63
2022-05-28,29045.52,553373761225.0,1.225163,26867106.59
2022-05-29,29430.07,560727563225.0,1.241234,27406751.74
2022-05-30,31735.95,604691877439.0,1.337557,30545856.66
2022-05-31,31831.41,606539699591.0,1.340327,29046161.19
2022-06-01,29825.92,568350982618.0,1.258204,25352033.87
2022-06-02,30504.27,581301103485.0,1.289506,23831459.37
2022-06-03,29662.67,565289816719.0,1.255278,26511012.18
2022-06-04,29792.41,567788127584.0,1.261963,25882154.17
2022-06-05,29915.41,570159608584.0,1.267469,27297810.99
2022-06-06,31333.68,597219834772.0,1.327947,29375322.21
2022-06-07,31175.03,594227633838.0,1.322741,31564720.33
2022-06-08,30228.46,576218725148.0,1.283419,33629166.98
2022-06-09,30064.49,573120367822.0,1.278193,27433843.05
2022-06-10,29070.4,554196788671.0,1.237117,26708430.03
2022-06-11,28360.79,540696111012.0,1.208249,27297260.3
2022-06-12,26830.28,511538437847.0,1.144614,21296537.88
2022-06-13,22316.26,425493856127.0,0.962387,18550388.66
2022-06-14,22072.87,420873377970.0,0.958749,20141490.51
2022-06-15,22520.79,429437386455.0,0.982572,23224565.73
2022-06-16,20310.18,387299429739.0,0.890104,15105694.13
2022-06-17,20464.93,390264246952.0,0.90045,13813827.13
2022-06-18,19013.87,362611174621.0,0.839761,18538520.57
2022-06-19,20492.3,390823129716.0,0.905123,17034220.36
2022-06-20,20571.63,392353137500.0,0.909414,16971594.11
2022-06-21,20688.47,394600889959.0,0.916201,19395436.06
2022-06-22,20003.17,381546027327.0,0.887628,16127554.47
2022-06-23,21097.1,402432082094.0,0.936392,20042247.69
2022-06-24,21299.08,406301957818.0,0.946261,17172380.82
2022-06-25,21468.34,409551146130.0,0.953542,20260748.85
2022-06-26,21066.62,401905669585.0,0.935954,18169960.56
2022-06-27,20751.05,395902927689.0,0.923176,17638393.94
2022-06-28,20263.22,386614220232.0,0.902427,18490187.92
2022-06-29,20080.95,383155502451.0,0.895265,18951394.76
2022-06-30,19332.91,368903228195.0,0.865016,20662049.84
2022-07-01,19341.86,369090226458.0,0.86681,16198810.37
2022-07-02,19231.83,367007144409.0,0.862322,16587454.85
2022-07-03,19276.51,367878517547.0,0.864908,18674123.58
2022-07-04,20226.3,386022540612.0,0.907446,18077254.26
2022-07-05,20193.34,385408468113.0,0.906388,14892590.31
2022-07-06,20560.84,392438882292.0,0.924592,16320169.78
2022-07-07,21651.42,413275623808.0,0.973647,21245455.03
2022-07-08,21813.79,416395031613.0,0.981375,20177753.09
2022-07-09,21585.13,412048402705.0,0.972566,18077548.21
2022-07-10,20831.27,397677569201.0,0.938938,19919905.18
2022-07-11,19971.33,381276239331.0,0.903257,15352959.53
2022-07-12,19339.15,369225505108.0,0.875464,18251326.09
2022-07-13,20155.53,384825682178.0,0.912482,13856925.39
2022-07-14,20552.9,392428543678.0,0.931267,15928496.75
2022-07-15,20831.72,397770775564.0,0.947405,18488153.9
2022-07-16,21196.51,404755787365.0,0.963943,19606770.96
2022-07-17,20827.89,397732973007.0,0.947388,16141613.67
2022-07-18,22305.71,425971905282.0,1.01438,18262797.31
2022-07-19,23371.2,446339832050.0,1.064016,20157662.29
2022-07-20,23280.94,444634259889.0,1.059546,18333736.84
2022-07-21,23152.41,442199694645.0,1.055572,20113655.59
2022-07-22,22706.08,433693823514.0,1.037202,18732518.93
2022-07-23,22484.46,429482365773.0,1.027768,21641292.01
2022-07-24,22653.36,432730761552.0,1.035693,22228606.58
2022-07-25,21510.13,410911525111.0,0.984744,19090236.46
2022-07-26,21181.66,404657958397.0,0.970494,21181659.2
2022-07-27,22898.42,437478763559.0,1.048531,23613990.54
2022-07-28,23838.56,455461367222.0,1.090975,21007728.25
2022-07-29,23950.74,457626609085.0,1.096122,21855050.6
2022-07-30,23623.43,451391833403.0,1.081197,19046394.44
2022-07-31,23356.17,446307219210.0,1.069308,22188363.61
2022-08-01,23331.44,445854500672.0,1.068082,19831726.29
2022-08-02,23031.43,440143630646.0,1.054827,22311694.79
2022-08-03,22809.75,435927882119.0,1.044977,20671333.62
2022-08-04,22628.33,432479435665.0,1.037538,18668373.97
2022-08-05,23248.97,444363077389.0,1.065899,21795910.78
2022-08-06,22996.28,439556370389.0,1.054368,23140001.76
2022-08-07,23153.66,442587644256.0,1.061586,23008948.11
2022-08-08,23803.65,455033818813.0,1.091209,21423285.46
2022-08-09,23186.29,443253027416.0,1.064323,20722748.25
2022-08-10,23923.06,457359947811.0,1.09735,22128829.1
2022-08-11,23934.44,457598463723.0,1.098103,20942634.17
2022-08-12,24396.31,466452355021.0,1.118913,23481447.26
2022-08-13,24426.22,467045519559.0,1.120303,21220280.86
2022-08-14,24314.2,464923825826.0,1.115287,20211180.52
2022-08-15,24083.95,460542963581.0,1.105125,21826083.29
2022-08-16,23868.82,456451152283.0,1.095336,22078657.9
2022-08-17,23336.35,446287363119.0,1.071576,18814931.33
2022-08-18,23221.17,444105576817.0,1.06648,20899053.54
2022-08-19,20906.77,399865784896.0,0.962224,23258777.52
2022-08-20,21146.65,404473619044.0,0.973486,19692822.28
2022-08-21,21554.0,412284535348.0,0.992264,19668021.51
2022-08-22,21301.08,407466140106.0,0.981225,19304107.43
2022-08-23,21534.51,411954552631.0,0.992294,23149602.93
2022-08-24,21424.97,409878577065.0,0.987637,19550287.7
2022-08-25,21587.84,413015814391.0,0.995543,21452915.59
2022-08-26,20246.17,387369347818.0,0.934524,22270782.13
2022-08-27,20043.99,383519310961.0,0.925757,18164866.8
2022-08-28,19673.54,376450966908.0,0.908752,19796500.85
2022-08-29,20270.96,387902405359.0,0.9363,19890879.88
2022-08-30,19825.46,379397503827.0,0.916915,20073281.5
2022-08-31,20024.67,383228003506.0,0.92654,18272512.84
2022-09-01,20105.46,384791505858.0,0.930819,17340961.5
2022-09-02,19948.86,381810364147.0,0.924347,16083765.75
2022-09-03,19803.83,379052887735.0,0.917781,18194771.82
2022-09-04,19961.91,382099532564.0,0.924997,20960007.49
2022-09-05,19797.8,378977066518.0,0.917682,18931643.18
2022-09-06,18846.15,360777012677.0,0.874859,16725958.6
2022-09-07,19292.91,369346999995.0,0.89597,17604777.71
2022-09-08,19319.12,369864252541.0,0.897686,15334555.35
2022-09-09,21363.31,409017455132.0,0.99199,19627430.31
2022-09-10,21715.21,415785927560.0,1.008277,21308429.8
2022-09-11,21732.77,416141395725.0,1.009262,24856963.61
2022-09-12,22365.21,428261637185.0,1.038446,21386266.92
2022-09-13,20165.04,386157248714.0,0.93937,17266317.35
2022-09-14,20246.37,387730658257.0,0.944134,16070553.05
2022-09-15,19696.87,377225556977.0,0.919794,18096499.19
2022-09-16,19741.58,378097572891.0,0.922172,15793262.09
2022-09-17,20120.7,385380080043.0,0.939999,21378246.24
2022-09-18,19427.1,372113932908.0,0.907953,18698584.0
2022-09-19,19557.98,374636684861.0,0.914684,15890856.28
2022-09-20,18872.95,361532792864.0,0.883382,17929302.37
2022-09-21,18506.76,354534333417.0,0.866992,16309082.91
2022-09-22,19414.54,371940200961.0,0.909511,15531631.72
2022-09-23,19326.86,370276849735.0,0.905635,16307042.19
2022-09-24,18924.77,362590477878.0,0.886975,17268850.61
2022-09-25,18793.16,360086121322.0,0.881057,17266212.22
2022-09-26,19201.13,367921135054.0,0.900323,18001060.99
2022-09-27,19106.74,366127838720.0,0.896562,15404808.25
2022-09-28,19454.94,372818335629.0,0.913488,18239003.63
2022-09-29,19540.87,374482476447.0,0.917871,17464649.35
2022-09-30,19435.19,372477904952.0,0.913562,20528424.39
2022-10-01,19311.86,370136058134.0,0.907913,21846543.47
2022-10-02,19015.29,364470603275.0,0.89419,18658756.06
2022-10-03,19633.43,376337531461.0,0.923308,18897178.86
2022-10-04,20339.97,389901326706.0,0.956569,20721345.74
2022-10-05,20155.1,386379527833.0,0.948163,22044640.3
2022-10-06,19950.55,382478030110.0,0.938867,19825856.87
2022-10-07,19539.14,374611763557.0,0.919983,20882460.07
2022-10-08,19416.18,372275436651.0,0.914596,21236443.84
2022-10-09,19428.37,372528344873.0,0.915263,19185512.54
2022-10-10,19154.4,367295367833.0,0.902774,20112124.45
2022-10-11,19039.28,365106524491.0,0.897698,18682295.53
2022-10-12,19156.91,367378647972.0,0.904197,16403105.53
2022-10-13,19387.83,371824448281.0,0.9153,17327876.35
2022-10-14,19177.69,367813040139.0,0.905698,18698251.75
2022-10-15,19069.87,365763269803.0,0.900729,18116381.18
2022-10-16,19261.75,369460796080.0,0.909911,17335574.81
2022-10-17,19557.02,375142761443.0,0.924678,18334707.95
2022-10-18,19341.41,371024014617.0,0.913986,17165499.2
2022-10-19,19132.15,367027991687.0,0.904611,18055970.74
2022-10-20,19033.38,365150292654.0,0.900243,17248997.02
2022-10-21,19174.88,367883634520.0,0.907143,18695504.44
2022-10-22,19207.63,368528334461.0,0.909318,16326484.23
2022-10-23,19565.41,375411929443.0,0.926262,18953993.19
2022-10-24,19341.46,371131281847.0,0.915785,16440241.18
2022-10-25,20094.96,385605065822.0,0.951195,15322407.86
2022-10-26,20797.03,399097328311.0,0.983939,20147123.61
2022-10-27,20280.18,389195921539.0,0.959625,17111397.76
2022-10-28,20604.61,395442686247.0,0.975004,20475835.02
2022-10-29,20803.9,399285967649.0,0.984435,18593485.55
2022-10-30,20616.7,395710529271.0,0.975832,17395343.47
2022-10-31,20490.86,393317251849.0,0.970097,22155740.41
2022-11-01,20483.97,393203403802.0,0.97005,18435569.88
2022-11-02,20148.28,386775127359.0,0.954491,15363066.97
2022-11-03,20198.11,387752323864.0,0.956986,20703063.97
2022-11-04,21157.24,406182308414.0,1.000982,17058028.72
2022-11-05,21283.47,408625727282.0,1.007111,20086276.32
2022-11-06,20946.8,402179894316.0,0.991409,17935700.1
2022-11-07,20568.57,394936214964.0,0.976089,18511708.61
2022-11-08,18520.97,355639311703.0,0.880745,18868239.37
2022-11-09,15758.29,302605063697.0,0.753959,14674908.76
2022-11-10,17541.56,336865135843.0,0.839904,16116308.51
2022-11-11,16916.85,324882485889.0,0.81134,14167862.4
2022-11-12,16771.24,322103638475.0,0.806378,17504984.54
2022-11-13,16320.5,313459931493.0,0.785274,13158401.78
2022-11-14,16629.48,319407146560.0,0.801362,12783911.53
2022-11-15,16855.59,323766538004.0,0.813685,16328856.48
2022-11-16,16659.61,320017579504.0,0.80609,15618380.94
2022-11-17,16675.18,320331100561.0,0.81024,14382341.91
2022-11-18,16661.52,320083241545.0,0.81851,14474698.07
2022-11-19,16696.0,320760994779.0,0.82061,15339453.73
2022-11-20,16246.84,312146945943.0,0.799184,15129874.13
2022-11-21,15778.02,303152194386.0,0.777593,12721026.53
2022-11-22,16172.89,310751834010.0,0.798052,12736150.36
2022-11-23,16574.06,318474713412.0,0.817451,14605891.9
2022-11-24,16583.52,318669910367.0,0.818371,13370466.5
2022-11-25,16522.39,317507827540.0,0.816011,12701586.37
2022-11-26,16448.64,316101841086.0,0.81274,11205636.89
2022-11-27,16436.07,315874237356.0,0.812333,13970660.15
2022-11-28,16212.58,311593224391.0,0.80235,14084680.11
2022-11-29,16443.04,316035861021.0,0.814148,13462736.4
2022-11-30,17176.9,330155532208.0,0.850801,14815075.12
2022-12-01,16961.29,326027592018.0,0.840529,16219235.29
2022-12-02,17075.11,328228712888.0,0.8467,13339929.01
2022-12-03,16899.51,324867019679.0,0.838232,13836471.67
2022-12-04,17121.71,329153600280.0,0.849684,14981500.61
2022-12-05,16961.35,326086201568.0,0.844686,15477233.51
2022-12-06,17070.52,328199310631.0,0.850384,14403247.73
2022-12-07,16848.25,323944154279.0,0.839504,18111870.71
2022-12-08,17231.46,331330076552.0,0.858946,17985332.54
2022-12-09,17136.15,329513766614.0,0.854979,16279341.55
2022-12-10,17124.21,329300761676.0,0.854415,16482056.63
2022-12-11,17094.36,328742369909.0,0.853212,15705443.86
2022-12-12,17195.52,330703233432.0,0.858539,15368500.47
2022-12-13,17774.92,341864385936.0,0.887729,18330382.78
2022-12-14,17809.72,342550310002.0,0.890254,16473994.78
2022-12-15,17344.05,333608737800.0,0.867283,15067647.31
2022-12-16,16606.11,319428047893.0,0.830993,13492464.52
2022-12-17,16774.39,322679384961.0,0.839658,14467907.38
2022-12-18,16776.12,322727877321.0,0.839876,15203355.06
2022-12-19,16424.13,315970590232.0,0.823536,13960511.68
2022-12-20,16901.82,325175184915.0,0.847633,14789089.82
2022-12-21,16800.53,323241590695.0,0.843196,15015476.34
2022-12-22,16814.22,323519164532.0,0.844194,14187000.3
2022-12-23,16780.52,322884484947.0,0.842887,13843926.51
2022-12-24,16837.61,323992454903.0,0.845901,9365921.77
2022-12-25,16824.84,323761497307.0,0.845707,14826889.35
2022-12-26,16879.94,324835384948.0,0.848591,13609450.2
2022-12-27,16698.91,321363727066.0,0.839936,12002342.48
2022-12-28,16536.29,318251590264.0,0.832993,17363108.91
2022-12-29,16630.59,320081089139.0,0.838527,14655710.22
2022-12-30,16593.69,319387194707.0,0.836965,16386267.72
2022-12-31,16524.22,318066160918.0,0.835246,16111112.36
2023-01-01,16606.75,319670907155.0,0.839543,16087791.04
2023-01-02,16688.72,321265002247.0,0.84378,16271501.29
2023-01-03,16670.08,320922182114.0,0.843211,16044949.48
2023-01-04,16848.37,324369544293.0,0.852695,15058227.15
2023-01-05,16824.8,323932356387.0,0.851818,16509335.18
2023-01-06,16957.86,326513313120.0,0.858999,19077595.06
2023-01-07,16942.63,326236304322.0,0.858447,16307280.02
2023-01-08,17059.24,328498009829.0,0.864443,16312898.2
2023-01-09,17182.32,330884397270.0,0.870778,16323203.86
2023-01-10,17433.91,335747837175.0,0.883952,18414572.33
2023-01-11,17833.71,343463621577.0,0.904886,16384721.77
2023-01-12,18869.7,363433875433.0,0.956915,17808283.61
2023-01-13,19868.72,382694927746.0,1.006737,19744545.22
2023-01-14,21010.92,404717454271.0,1.063923,22455423.66
2023-01-15,20876.01,402139971938.0,1.056945,21267433.72
2023-01-16,21180.41,408023232448.0,1.071887,19459503.48
2023-01-17,21178.3,408003184106.0,1.071275,20648841.91
2023-01-18,20709.67,398993060386.0,1.047739,18120960.03
2023-01-19,21071.83,405989633550.0,1.066296,19096349.03
2023-01-20,22660.72,436621242755.0,1.145446,18695091.48
2023-01-21,22803.17,439385714224.0,1.152148,19667736.51
2023-01-22,22716.28,437732794649.0,1.147416,21438486.6
2023-01-23,22929.02,441854991916.0,1.157946,22642412.08
2023-01-24,22611.13,435747150906.0,1.141686,18230221.05
2023-01-25,23109.08,445368746306.0,1.166239,25275561.19
2023-01-26,23008.69,443456176562.0,1.161821,22289667.93
2023-01-27,23070.5,444669613308.0,1.165636,22205352.84
2023-01-28,23008.81,443504792891.0,1.162375,24159249.94
2023-01-29,23775.0,458297300768.0,1.200618,23923590.1
2023-01-30,22799.43,439511464588.0,1.151378,19664506.01
2023-01-31,23130.05,445901640173.0,1.16761,16624724.81
2023-02-01,23727.2,457433839815.0,1.196242,20316417.23
2023-02-02,23505.6,453182984739.0,1.184796,21301954.39
2023-02-03,23445.81,452049702984.0,1.181416,19489332.2
2023-02-04,23355.52,450328730992.0,1.176438,19852195.73
2023-02-05,22957.23,442670747793.0,1.156408,21809363.93
2023-02-06,22745.17,438602754425.0,1.145679,21039277.66
2023-02-07,23266.27,448672031310.0,1.171653,20648813.92
2023-02-08,22937.58,442353295734.0,1.154987,19783662.7
2023-02-09,21818.2,420788022144.0,1.099041,22090926.43
2023-02-10,21620.57,416996331016.0,1.089446,19863895.73
2023-02-11,21864.86,421728294573.0,1.10177,20224997.94
2023-02-12,21772.14,419961857109.0,1.097211,22044289.04
2023-02-13,21798.72,420495779525.0,1.098667,21253747.82
2023-02-14,22222.42,428690299516.0,1.119923,21389074.48
2023-02-15,24304.61,468882522754.0,1.223643,24760324.48
2023-02-16,23742.45,458063860580.0,1.195012,26561864.63
2023-02-17,24607.34,474775525177.0,1.237768,25376314.84
2023-02-18,24636.53,475364602544.0,1.239059,25868352.94
2023-02-19,24366.99,470188548638.0,1.225348,24671578.15
2023-02-20,24797.84,478525110574.0,1.246658,22783018.29
2023-02-21,24400.39,470880895682.0,1.226545,25467906.43
2023-02-22,24163.74,466335136342.0,1.214898,21143271.61
2023-02-23,23910.03,461464448221.0,1.201968,25553849.06
2023-02-24,23175.82,447313723306.0,1.165447,19554601.67
2023-02-25,23159.82,447020226643.0,1.164771,15488126.58
2023-02-26,23542.1,454423557532.0,1.183865,24719201.25
2023-02-27,23504.19,453712418114.0,1.181751,20566165.74
2023-02-28,23145.95,446816954242.0,1.165088,19818718.94
2023-03-01,23610.66,455812950761.0,1.188892,25086325.28
2023-03-02,23470.03,453119084947.0,1.181929,21123022.93
2023-03-03,22350.1,431520872631.0,1.126017,23467601.05
2023-03-04,22334.29,431236820216.0,1.125231,21217571.0
2023-03-05,22419.82,432910012445.0,1.130221,21719197.85
2023-03-06,22414.7,432829758359.0,1.130223,18492130.23
2023-03-07,22174.65,428217144456.0,1.122036,22867606.24
2023-03-08,21701.38,419095929576.0,1.09846,18039275.97
2023-03-09,20349.81,393011644659.0,1.031092,17170155.71
2023-03-10,20240.41,390915883867.0,1.026171,17204345.69
2023-03-11,20585.23,397596985986.0,1.043781,21228522.9
2023-03-12,22065.98,426219300507.0,1.118453,22203892.41
2023-03-13,24154.43,466582802785.0,1.222477,23701533.55
2023-03-14,24769.02,478477196466.0,1.252017,22601728.53
2023-03-15,24409.8,471560444513.0,1.233259,22426505.36
2023-03-16,25043.24,483818462449.0,1.264318,20973712.53
2023-03-17,27450.63,530352818443.0,1.38171,25220264.74
2023-03-18,26985.74,521398305889.0,1.357927,27323057.69
2023-03-19,28185.2,544599611415.0,1.417184,26071314.01
2023-03-20,27834.34,537846862753.0,1.398349,26790548.5
2023-03-21,28172.8,544412485047.0,1.413889,25531595.52
2023-03-22,27341.56,528376772923.0,1.3717,27170672.4
2023-03-23,28387.89,548629664660.0,1.421887,32468648.9
2023-03-24,27464.12,530804620773.0,1.375231,27807426.51
2023-03-25,27488.95,531309425741.0,1.37628,24911865.36
2023-03-26,28049.39,542166852117.0,1.403672,25244452.52
2023-03-27,27155.0,524904198224.0,1.357098,25118371.64
2023-03-28,27283.96,527419972349.0,1.363067,22850319.35
2023-03-29,28389.29,548812901631.0,1.417071,26082661.82
2023-03-30,28021.56,541731139042.0,1.420442,27145884.6
2023-03-31,28514.68,551289644887.0,1.443821,25128562.9
2023-04-01,28494.56,550925636747.0,1.442212,24932743.4
2023-04-02,28162.0,544521897458.0,1.425206,26225860.67
2023-04-03,27850.98,538531058881.0,1.4091,22802989.83
2023-04-04,28113.96,543644520583.0,1.421943,28465383.0
2023-04-05,28190.31,545145463892.0,1.42496,24490333.21
2023-04-06,28049.07,542442263242.0,1.417262,28049074.48
2023-04-07,27936.8,540295858609.0,1.411891,24793913.78
2023-04-08,27964.05,540848505457.0,1.413111,25691972.09
2023-04-09,28357.81,548489957870.0,1.43278,25876499.13
2023-04-10,29687.57,574232641226.0,1.498411,22822315.74
2023-04-11,30247.1,585084494472.0,1.524008,29112829.82
2023-04-12,29913.0,578651893926.0,1.506773,29913003.55
2023-04-13,30370.82,587535115393.0,1.52859,26954104.59
2023-04-14,30458.97,589267023015.0,1.53145,26651598.79
2023-04-15,30342.06,587035196991.0,1.525286,29962783.37
2023-04-16,30312.93,586495138075.0,1.523487,23492521.41
2023-04-17,29469.51,570205069298.0,1.4812,28548583.04
2023-04-18,30366.87,587599723277.0,1.524899,31505630.1
2023-04-19,28796.74,557242719710.0,1.445557,25017171.43
2023-04-20,28251.28,546710916057.0,1.418296,23483873.49
2023-04-21,27292.02,528172405707.0,1.370139,24733394.13
2023-04-22,27827.55,538562166444.0,1.396814,25914403.7
2023-04-23,27604.69,534274354378.0,1.385375,25361804.87
2023-04-24,27520.2,532663425807.0,1.381178,24252175.96
2023-04-25,28302.69,547831002433.0,1.420028,22111479.86
2023-04-26,28384.23,549432360964.0,1.423548,23062190.15
2023-04-27,29465.55,570387314623.0,1.477025,23940760.53
2023-04-28,29350.81,568193179248.0,1.470213,26966058.42
2023-04-29,29221.51,565715172681.0,1.463534,25020921.8
2023-04-30,29362.09,568463747930.0,1.470402,27159930.29
2023-05-01,28114.95,544350638079.0,1.408272,31980759.25
2023-05-02,28690.58,555518848523.0,1.436592,23131780.93
2023-05-03,29045.04,562407679427.0,1.451816,25595943.94
2023-05-04,28855.86,558770759439.0,1.442232,26330969.92
2023-05-05,29552.97,572291761123.0,1.476467,21980021.08
2023-05-06,28899.46,559663552176.0,1.443843,26912624.88
2023-05-07,28761.74,557021382195.0,1.429877,24986760.26
2023-05-08,27727.29,537011131121.0,1.378067,23741488.13
2023-05-09,27642.43,535393735938.0,1.37409,26087541.53
2023-05-10,27646.0,535492387107.0,1.374437,29373880.21
2023-05-11,26986.27,522739066995.0,1.341913,25468293.32
2023-05-12,26773.34,518638152373.0,1.331265,23594009.72
2023-05-13,26841.4,519980779847.0,1.33467,24325017.2
2023-05-14,26918.26,521499075811.0,1.338339,29273609.49
2023-05-15,27231.62,527594953251.0,1.352469,25019052.35
2023-05-16,27025.72,523631551804.0,1.341803,25843343.02
2023-05-17,27401.04,530931006408.0,1.360183,27401044.06
2023-05-18,26843.24,520146384933.0,1.332799,23655600.93
2023-05-19,26889.5,521068147948.0,1.335285,25208909.65
2023-05-20,27100.86,525185993610.0,1.345669,22188827.72
2023-05-21,26777.1,518937128064.0,1.329585,25270886.03
2023-05-22,26858.74,520543460955.0,1.331796,24172863.36
2023-05-23,27226.86,527704099087.0,1.349757,26205848.78
2023-05-24,26341.43,510566222468.0,1.306149,23213385.76
2023-05-25,26484.84,513370789092.0,1.312303,24995063.9
2023-05-26,26720.38,517962100401.0,1.323951,25551367.02
2023-05-27,26854.54,520586999345.0,1.330559,24336927.21
2023-05-28,28097.52,544710821944.0,1.391561,28097521.13
2023-05-29,27765.07,538293946913.0,1.374801,28112136.28
2023-05-30,27712.49,537301203182.0,1.371663,26673273.15
2023-05-31,27217.68,527731641093.0,1.347123,23985583.37
2023-06-01,26825.37,520147121317.0,1.327558,22130931.36
2023-06-02,27255.23,528510029108.0,1.3485,27936608.69
2023-06-03,27079.41,525122689419.0,1.339845,22002019.38
2023-06-04,27158.25,526676790957.0,1.343717,25121385.48
2023-06-05,25785.85,500084181918.0,1.276418,22240296.91
2023-06-06,27213.77,527802559981.0,1.346236,25682995.93
2023-06-07,26339.58,510870113654.0,1.303228,22224019.81
2023-06-08,26521.69,514427849387.0,1.31217,25527130.09
2023-06-09,26470.68,513466277051.0,1.309628,27959653.19
2023-06-10,25863.21,501707862683.0,1.279906,24893343.33
2023-06-11,25906.83,502580307777.0,1.282204,26392581.18
2023-06-12,25906.75,502604249933.0,1.282415,25421000.34
2023-06-13,25880.86,502125710655.0,1.281289,23778040.1
2023-06-14,25097.59,486948042920.0,1.242758,18980048.94
2023-06-15,25559.14,495926918720.0,1.265795,23642207.58
2023-06-16,26331.82,510944432249.0,1.303742,25179802.97
2023-06-17,26514.17,514505988281.0,1.312806,23199899.93
2023-06-18,26353.96,511422019500.0,1.304486,24871552.28
2023-06-19,26778.06,519675836338.0,1.326002,23765531.3
2023-06-20,28305.42,549340968936.0,1.401058,24059607.39
2023-06-21,30099.52,584182850883.0,1.487688,22762758.48
2023-06-22,29952.51,581355386791.0,1.479225,25646837.79
2023-06-23,30638.35,594691002090.0,1.511461,23936213.88
2023-06-24,30549.02,592984835953.0,1.506266,27875977.36
2023-06-25,30467.44,591430505951.0,1.501725,29134489.85
2023-06-26,30255.89,587351447288.0,1.490477,27608496.09
2023-06-27,30667.08,595360633206.0,1.508993,26833691.76
2023-06-28,30104.04,584450413633.0,1.480048,20320229.21
2023-06-29,30460.79,591404272513.0,1.497435,27795473.59
2023-06-30,30484.5,591894717187.0,1.497404,30103446.97
2023-07-01,30581.69,593807120118.0,1.500071,25421028.95
2023-07-02,30594.22,594083065323.0,1.500295,32697568.86
2023-07-03,31135.36,604617684181.0,1.525922,26659649.94
2023-07-04,30799.95,598131495142.0,1.509148,27142453.7
2023-07-05,30497.82,592293990837.0,1.494038,29735376.58
2023-07-06,29979.73,582258236308.0,1.470492,26044890.27
2023-07-07,30329.88,589091989841.0,1.487209,33173309.51
2023-07-08,30263.62,587838636815.0,1.483788,33668276.84
2023-07-09,30163.22,585920361083.0,1.478661,31859902.24
2023-07-10,30394.66,590445229947.0,1.489525,29254856.0
2023-07-11,30616.25,594775689277.0,1.499537,25832458.49
2023-07-12,30385.61,590322472175.0,1.487755,27347047.91
2023-07-13,31434.74,610728166020.0,1.5385,23576051.6
2023-07-14,30310.67,588915499106.0,1.483457,26142954.62
2023-07-15,30290.89,588557285440.0,1.482403,26125893.14
2023-07-16,30249.77,587787667157.0,1.480253,29304467.56
2023-07-17,30143.75,585753069498.0,1.4754,25622184.33
2023-07-18,29835.75,579798246310.0,1.459856,30208694.25
2023-07-19,29913.03,581327738448.0,1.463037,27669552.25
2023-07-20,29805.61,579263933758.0,1.457534,23844485.26
2023-07-21,29919.69,581502126093.0,1.463443,20943785.44
2023-07-22,29726.01,577762692312.0,1.453937,24895533.06
2023-07-23,30066.57,584409586208.0,1.47032,27623663.44
2023-07-24,29178.36,567172583836.0,1.427139,27354712.22
2023-07-25,29221.25,568031588349.0,1.429239,25203332.31
2023-07-26,29361.59,570786020996.0,1.436081,26425432.58
2023-07-27,29201.69,567702667642.0,1.429632,25186454.62
2023-07-28,29316.31,569956745529.0,1.440165,25651773.94
2023-07-29,29360.38,570837626125.0,1.442212,24222310.35
2023-07-30,29262.84,568971946350.0,1.437384,30725978.57
2023-07-31,29219.82,568161304123.0,1.435482,25749966.54
2023-08-01,29499.59,573626834712.0,1.449024,25627766.67
2023-08-02,29143.15,566723906311.0,1.432049,28050283.76
2023-08-03,29192.34,567708072136.0,1.434368,27550275.46
2023-08-04,29057.25,565102898970.0,1.427653,21974547.77
2023-08-05,29053.1,565050006983.0,1.427408,27963604.61
2023-08-06,29048.04,564981518319.0,1.427044,29774244.41
2023-08-07,29164.36,567270450867.0,1.43271,26612477.21
2023-08-08,29779.51,579258937400.0,1.462673,23265243.27
2023-08-09,29582.94,575465345988.0,1.452751,29952731.04
2023-08-10,29430.16,572516652889.0,1.445222,23360189.43
2023-08-11,29399.78,571953498583.0,1.44346,27746046.85
2023-08-12,29415.73,572294481734.0,1.444002,30702672.26
2023-08-13,29286.12,569797456814.0,1.437481,24710161.73
2023-08-14,29408.97,572219165382.0,1.443312,31430838.52
2023-08-15,29167.6,567553842372.0,1.431403,31172869.53
2023-08-16,28754.29,559540898713.0,1.411251,29293435.39
2023-08-17,26660.56,518824196992.0,1.309598,25994048.66
2023-08-18,26037.37,506719180177.0,1.279955,22619961.58
2023-08-19,26093.98,507843828673.0,1.282876,22832234.08
2023-08-20,26176.47,509475768372.0,1.287026,26503678.07
2023-08-21,26128.91,508576908784.0,1.285209,26945433.3
2023-08-22,25978.21,505666970508.0,1.278234,23218024.91
2023-08-23,26452.19,514916563796.0,1.301641,23476321.81
2023-08-24,26126.79,508605062141.0,1.286264,22697652.58
2023-08-25,26040.88,506954581485.0,1.282531,21971993.56
2023-08-26,26006.17,506301182376.0,1.28091,22267786.56
2023-08-27,26086.36,507881219035.0,1.28472,18912611.91
2023-08-28,26103.28,508229798236.0,1.285786,19251166.47
2023-08-29,27672.22,538804434658.0,1.363193,27326319.35
2023-08-30,27299.0,531558900196.0,1.344866,21497960.75
2023-08-31,25954.87,505409690842.0,1.279294,23359379.93
2023-09-01,25802.79,502472681321.0,1.272142,24351381.68
2023-09-02,25868.3,503772923101.0,1.275429,24574881.29
2023-09-03,25962.55,505634064277.0,1.280179,25638015.72
2023-09-04,25799.53,502483154478.0,1.272296,24025808.3
2023-09-05,25782.36,502168852414.0,1.271797,19981330.72
2023-09-06,25754.79,501653557917.0,1.270666,21730604.29
2023-09-07,26210.6,510555856978.0,1.293153,23917176.66
2023-09-08,25904.7,504618646366.0,1.278231,21533280.39
2023-09-09,25894.62,504446774368.0,1.277872,24438048.19
2023-09-10,25831.46,503240183985.0,1.274806,23732658.27
2023-09-11,25135.04,489697629061.0,1.240999,24977945.38
2023-09-12,25859.7,503838775482.0,1.27685,22788862.22
2023-09-13,26226.87,511016547222.0,1.29493,24095933.83
2023-09-14,26556.06,517457530984.0,1.310725,26888007.66
2023-09-15,26672.62,519760082134.0,1.316248,31340323.9
2023-09-16,26555.64,517506259356.0,1.310452,25725772.47
2023-09-17,26502.43,516494120491.0,1.307784,24680389.91
2023-09-18,26764.63,521630111131.0,1.320321,26095516.11
2023-09-19,27215.05,530432200789.0,1.341491,23643075.11
2023-09-20,27133.4,528865632042.0,1.337532,24759230.9
2023-09-21,26571.6,517938166732.0,1.310046,22918000.94
2023-09-22,26581.15,518145793262.0,1.31053,21431050.26
2023-09-23,26575.78,518067003459.0,1.310251,25911381.98
2023-09-24,26286.64,512454598334.0,1.296058,23986559.96
2023-09-25,26288.81,512520696246.0,1.296188,23824233.61
2023-09-26,26194.54,510705063524.0,1.291644,22265357.2
2023-09-27,26336.08,513490549820.0,1.298711,25842281.05
2023-09-28,27033.43,527111733521.0,1.332827,24668000.72
2023-09-29,26911.25,524754246923.0,1.326653,24724712.29
2023-09-30,26977.69,526073093617.0,1.329743,23268260.48
2023-10-01,27950.15,545060830634.0,1.377331,24631065.6
2023-10-02,27565.89,537594432787.0,1.358435,27049028.87
2023-10-03,27439.14,535150716312.0,1.351957,28125120.8
2023-10-04,27797.25,542157740803.0,1.369036,22758999.4
2023-10-05,27426.35,534947755956.0,1.350982,24169466.61
2023-10-06,27941.96,545032774163.0,1.375811,27941963.38
2023-10-07,27972.75,545663221046.0,1.376922,29895878.24
2023-10-08,27936.33,544978512422.0,1.375035,25841101.66
2023-10-09,27591.35,538275597960.0,1.357644,26901563.09
2023-10-10,27419.8,534956624502.0,1.349225,27762544.65
2023-10-11,26828.17,523440934621.0,1.320267,26828172.57
2023-10-12,26741.34,521774344476.0,1.316152,27577007.49
2023-10-13,26842.45,523770269516.0,1.321221,23151610.34
2023-10-14,26861.99,524176108563.0,1.32156,24511565.18
2023-10-15,27130.31,529440285566.0,1.334645,28317257.63
2023-10-16,28506.79,556327162174.0,1.401485,25121611.93
2023-10-17,28433.21,554919826689.0,1.39757,28788620.22
2023-10-18,28328.08,552893715020.0,1.392147,25672317.99
2023-10-19,28690.36,559989684490.0,1.410163,25104063.29
2023-10-20,29704.99,579818457348.0,1.458848,24877925.25
2023-10-21,29922.55,584093133773.0,1.469158,28052387.25
2023-10-22,29984.16,585324500584.0,1.47186,28672352.35
2023-10-23,32954.17,643334765893.0,1.613501,32336278.38
2023-10-24,33880.96,661454292587.0,1.654398,26681253.36
2023-10-25,34488.66,673349438741.0,1.681602,31039793.03
2023-10-26,34181.49,667384425419.0,1.663663,32045148.99
2023-10-27,33896.94,661861216442.0,1.648794,32625803.33
2023-10-28,34091.59,665695994029.0,1.657389,34091589.03
2023-10-29,34574.34,675152083746.0,1.679988,29604276.67
2023-10-30,34495.11,673638496021.0,1.6747,33632727.4
2023-10-31,34636.43,676431849485.0,1.679986,33554038.15
2023-11-01,35431.98,692001591886.0,1.715331,32996030.87
2023-11-02,34882.92,681309570416.0,1.687433,31394625.6
2023-11-03,34708.22,677927038799.0,1.677473,29501988.6
2023-11-04,35091.08,685441863798.0,1.695198,36845630.12
2023-11-05,35105.04,685750422607.0,1.695314,35763261.56
2023-11-06,35017.72,684072353457.0,1.690063,27795311.4
2023-11-07,35418.48,691930690430.0,1.707693,29441608.91
2023-11-08,35797.89,699376281705.0,1.724478,33336789.35
2023-11-09,36675.33,716551269714.0,1.762201,32778573.0
2023-11-10,37367.49,730110600644.0,1.792854,35966213.33
2023-11-11,36979.93,722575118046.0,1.773581,36979931.24
2023-11-12,37053.34,724046805389.0,1.776498,37284924.43
2023-11-13,36543.27,714107277954.0,1.751222,27635846.49
2023-11-14,35590.68,695523122554.0,1.705402,30696964.57
2023-11-15,37840.55,739525714299.0,1.810153,35002511.98
2023-11-16,36160.4,706723664687.0,1.729237,33448374.12
2023-11-17,36569.71,714757510004.0,1.747807,34284105.05
2023-11-18,36577.42,714942322047.0,1.747697,34062727.0
2023-11-19,37442.73,731895327518.0,1.788146,39782899.04
2023-11-20,37516.05,733367477326.0,1.789732,38922902.26
2023-11-21,36035.03,704450637687.0,1.717721,34233281.43
2023-11-22,37403.03,731226964176.0,1.780655,33195193.31
2023-11-23,37311.72,729476032043.0,1.775571,34280142.03
2023-11-24,37718.78,737474104745.0,1.793665,39604723.37
2023-11-25,37800.13,739102058354.0,1.796938,37563875.31
2023-11-26,37482.71,732929768942.0,1.781247,34202968.79
2023-11-27,37229.25,728003902581.0,1.7687,30248761.74
2023-11-28,37828.47,739756186709.0,1.795695,34754902.76
2023-11-29,37846.85,740147934698.0,1.794443,32169825.15
2023-11-30,37712.71,737556192386.0,1.787791,31584395.86
2023-12-01,38703.55,756975202402.0,1.831958,40880628.58
2023-12-02,39462.28,771845911079.0,1.866563,31323184.69
2023-12-03,39978.22,781978503112.0,1.889571,41227542.07
2023-12-04,41910.3,819810743285.0,1.974158,40600602.62
2023-12-05,44067.01,862036250724.0,2.07021,38007792.22
2023-12-06,43745.83,855790704203.0,2.049005,37183959.23
2023-12-07,43282.62,846760011629.0,2.024193,31109381.85
2023-12-08,44205.05,864843357732.0,2.063554,37298012.8
2023-12-09,43740.01,855787955926.0,2.040604,42919881.27
2023-12-10,43732.71,855683506559.0,2.039127,38266123.08
2023-12-11,41209.89,806362223760.0,1.920422,40694771.11
2023-12-12,41467.27,811435726173.0,1.928404,37320546.21
2023-12-13,42939.06,840275791000.0,1.994507,39987000.33
2023-12-14,43033.14,842156042637.0,1.997076,39267737.65
2023-12-15,41978.1,821551732456.0,1.945584,42765186.34
2023-12-16,42203.21,825997582210.0,1.954588,40093053.34
2023-12-17,41428.67,810877031379.0,1.918433,38839374.17
2023-12-18,42635.73,834547547302.0,1.970998,44767519.85
2023-12-19,42271.86,827467989591.0,1.952267,42800261.31
2023-12-20,43605.16,853606590403.0,2.010355,39517172.22
2023-12-21,43870.24,858835832285.0,2.020553,40031592.39
2023-12-22,44009.5,861608364730.0,2.024349,46209976.74
2023-12-23,43768.81,856939861545.0,2.012047,43768806.75
2023-12-24,43097.81,843848610986.0,1.978994,46060783.72
2023-12-25,43623.75,854184356141.0,2.002168,37898133.16
2023-12-26,42491.12,832043610689.0,1.947666,36914163.03
2023-12-27,43436.96,850599611616.0,1.984543,35021048.54
2023-12-28,42670.68,835626290884.0,1.948191,32269701.54
2023-12-29,41998.6,822504553591.0,1.915289,39636181.91
2023-12-30,42204.49,826574939575.0,1.923526,38247820.67
2023-12-31,42217.16,826864184822.0,1.923147,41161729.82
2024-01-01,44049.47,862794527491.0,2.005011,42672927.5
2024-01-02,44941.16,880296744332.0,2.041844,36795575.15
2024-01-03,42773.65,837882334395.0,1.941608,42238980.9
2024-01-04,44250.75,866863769398.0,1.99128,47016416.85
2024-01-05,44146.32,864856217418.0,1.983754,38076202.9
2024-01-06,43917.98,860421264320.0,1.972627,38428232.34
2024-01-07,43844.2,859008059190.0,1.968589,32335094.51
2024-01-08,46981.32,920507694271.0,2.1052,36116893.06
2024-01-09,46084.01,902970262823.0,2.061112,43779805.51
2024-01-10,46818.16,917394187765.0,2.090437,38917594.9
2024-01-11,46380.87,908875740937.0,2.067553,50149316.56
2024-01-12,42817.43,839091815873.0,1.910157,44958302.06
2024-01-13,42846.95,839712974629.0,1.911017,42579161.0
2024-01-14,41888.15,820955897438.0,1.868073,33510521.05
2024-01-15,42528.92,833544457526.0,1.895817,30301854.96
2024-01-16,43171.45,846171395720.0,1.915131,33727693.14
2024-01-17,42689.3,836753555543.0,1.892921,32283786.4
2024-01-18,41261.91,808811755816.0,1.826405,36619943.01
2024-01-19,41606.85,815607676547.0,1.840326,34325654.16
2024-01-20,41668.69,816857089192.0,1.842828,37241392.05
2024-01-21,41537.11,814314028257.0,1.836787,36344973.31
2024-01-22,39577.1,775928554109.0,1.750703,39577099.86
2024-01-23,39737.31,779107885560.0,1.756852,38247165.07
2024-01-24,40101.86,786292868064.0,1.769399,37595490.84
2024-01-25,39917.66,782726426382.0,1.759913,45156854.17
2024-01-26,41860.73,820866927316.0,1.843658,39767694.49
2024-01-27,42125.3,826100034581.0,1.854538,45021415.89
2024-01-28,41983.02,823351807166.0,1.847824,41983020.27
2024-01-29,43218.35,847620609856.0,1.900281,42137888.41
2024-01-30,42950.05,842397364504.0,1.884455,38655048.71
2024-01-31,42589.47,835359963215.0,1.865777,34870129.22
2024-02-01,43020.36,843852657326.0,1.883693,41138218.92
2024-02-02,43155.39,846551917091.0,1.888479,50707577.61
2024-02-03,42982.38,843198728325.0,1.880647,40564620.18
2024-02-04,42576.29,835273625240.0,1.862424,41245782.2
2024-02-05,42619.27,836158430970.0,1.863326,41553792.42
2024-02-06,43102.71,845688803311.0,1.881777,45796625.4
2024-02-07,44253.03,868302802756.0,1.929906,44253031.47
2024-02-08,45332.09,889514483024.0,1.974245,39098928.98
2024-02-09,47176.97,925763898220.0,2.050894,48946102.76
2024-02-10,47792.9,937895843906.0,2.075744,45403252.35
2024-02-11,48200.8,945941841244.0,2.091679,41271933.81
2024-02-12,49989.8,981107036008.0,2.163451,55926092.91
2024-02-13,49628.09,974049946091.0,2.144572,41873704.44
2024-02-14,51844.29,1017592289634.0,2.227482,45039729.47
2024-02-15,51939.15,1019505042839.0,2.227673,50965288.28
2024-02-16,52157.31,1023831051833.0,2.233361,43681749.13
2024-02-17,51674.82,1014408246959.0,2.211109,48445139.86
2024-02-18,52148.06,1023737845114.0,2.229209,39436973.81
2024-02-19,51804.81,1017043227936.0,2.20772,44034084.38
2024-02-20,52308.05,1026969199194.0,2.226411,46096471.86
2024-02-21,51744.32,1015946034870.0,2.199223,44629477.56
2024-02-22,51292.33,1007114829787.0,2.176257,43277899.44
2024-02-23,50789.14,997285419198.0,2.151044,50471711.03
2024-02-24,51578.23,1012824030064.0,2.182875,44163863.65
2024-02-25,51746.48,1016180820662.0,2.188723,53040140.94
2024-02-26,54551.83,1071316673977.0,2.300356,45346205.29
2024-02-27,57049.89,1120420896303.0,2.392968,45996472.38
2024-02-28,62460.74,1226744513761.0,2.578805,58166564.7
2024-02-29,61394.78,1205859852279.0,2.523626,51034412.41
2024-03-01,62524.4,1228106988685.0,2.552194,60179736.75
2024-03-02,62049.61,1218830448923.0,2.530515,49251881.56
2024-03-03,62991.44,1237391640178.0,2.564912,61022959.72
2024-03-04,68091.84,1337637736661.0,2.751199,54899045.05
2024-03-05,63950.52,1256349969666.0,2.565782,66748359.77
2024-03-06,66103.72,1298708781023.0,2.612226,57840756.35
2024-03-07,67070.38,1317775703379.0,2.630694,75454176.54
2024-03-08,68343.71,1342859547466.0,2.663774,65780825.64
2024-03-09,68502.51,1346049345989.0,2.664447,69786927.31
2024-03-10,68882.25,1353572780460.0,2.673325,61563512.13
2024-03-11,72198.09,1418807431184.0,2.776043,76710468.01
2024-03-12,71432.73,1403829853147.0,2.732832,62950091.82
2024-03-13,73081.58,1436306869781.0,2.746837,73081575.91
2024-03-14,71505.27,1405390053437.0,2.676637,63014021.75
2024-03-15,69424.91,1364557049381.0,2.593182,55106025.63
2024-03-16,65433.68,1286167673667.0,2.443364,58890313.71
2024-03-17,68285.09,1342277385497.0,2.541969,62310143.87
2024-03-18,67770.89,1332230717578.0,2.518754,60993797.87
2024-03-19,61969.31,1218244887374.0,2.306498,60807383.02
2024-03-20,67848.11,1333878479087.0,2.517432,63183550.24
2024-03-21,65454.74,1286874418579.0,2.425056,49091051.79
2024-03-22,63486.48,1248231144167.0,2.347243,53566721.72
2024-03-23,64361.24,1265492833454.0,2.355131,62752211.83
2024-03-24,67289.57,1323142018390.0,2.459089,71495163.7
2024-03-25,70042.02,1377322433813.0,2.531973,57784666.85
2024-03-26,70071.05,1377951907817.0,2.529858,58684502.04
2024-03-27,69267.89,1362216604596.0,2.497306,58877704.78
2024-03-28,70826.9,1392943231125.0,2.54232,67285552.03
2024-03-29,69917.04,1375112180620.0,2.506814,62925338.71
2024-03-30,69663.01,1370183441932.0,2.49598,67486042.79
2024-03-31,71227.45,1401014986716.0,2.549473,60988505.6
2024-04-01,69791.63,1372838341430.0,2.483865,65429651.0
2024-04-02,65533.75,1289144341529.0,2.325825,60618723.22
2024-04-03,66130.22,1300936296061.0,2.343575,58690566.91
2024-04-04,68438.14,1346397493894.0,2.42234,59027891.46
2024-04-05,67904.91,1335970050154.0,2.40184,62812041.27
2024-04-06,69136.07,1360259059730.0,2.442328,66975568.86
2024-04-07,69392.68,1365381654693.0,2.449775,73729725.7
2024-04-08,71712.8,1411103414780.0,2.525943,70816387.32
2024-04-09,69074.54,1359253099652.0,2.431152,63030519.45
2024-04-10,70579.45,1388933299151.0,2.480888,66609351.86
2024-04-11,70046.55,1378504301566.0,2.459931,57788406.72
2024-04-12,67098.11,1320536537240.0,2.3557,57033396.64
2024-04-13,64551.65,1270486530668.0,2.266725,66165439.49
2024-04-14,65648.81,1292144961483.0,2.303798,64417894.77
2024-04-15,63393.33,1247806826197.0,2.224654,55865367.8
2024-04-16,63784.82,1255578626046.0,2.235583,65778095.97
2024-04-17,61324.22,1207195172505.0,2.150116,52508862.03
2024-04-18,63510.15,1250283688855.0,2.223657,57556068.91
2024-04-19,63762.63,1255313599076.0,2.229522,59378950.15
2024-04-20,64907.99,1277889041416.0,2.268874,26368872.09
2024-04-21,64968.19,1279102660226.0,2.270179,28423584.27
2024-04-22,66944.6,1318046160712.0,2.336371,31798683.14
2024-04-23,66385.3,1307069255154.0,2.315431,34852282.65
2024-04-24,64189.97,1263876147636.0,2.229186,31092015.7
2024-04-25,64515.39,1270312365909.0,2.239413,28830313.78
2024-04-26,63777.47,1255809257755.0,2.213396,26507511.59
2024-04-27,63429.31,1248981539070.0,2.200293,27750323.11
2024-04-28,62978.58,1240133745037.0,2.18274,27553127.44
2024-04-29,63908.39,1258469166547.0,2.21305,26162496.7
2024-04-30,60636.33,1194063184620.0,2.099492,26717881.22
2024-05-01,58141.78,1144963991083.0,2.015163,23983483.13
2024-05-02,59170.11,1165241347390.0,2.050902,26811455.59
2024-05-03,62983.66,1240367193697.0,2.180678,25390286.11
2024-05-04,63881.13,1258069746192.0,2.210726,28147623.15
2024-05-05,64067.6,1261769810812.0,2.216655,27829362.01
2024-05-06,63228.1,1245260648377.0,2.186203,24105714.32
2024-05-07,62397.0,1228916076889.0,2.157205,23788856.14
2024-05-08,61079.27,1202987566726.0,2.110541,24240837.04
2024-05-09,62998.49,1240816052415.0,2.175224,28546190.93
2024-05-10,60896.64,1199445712976.0,2.102989,27593790.86
2024-05-11,60843.57,1198430676128.0,2.100449,30231650.3
2024-05-12,61431.27,1210031928140.0,2.119746,25340400.81
2024-05-13,62886.94,1238733522167.0,2.168233,28888687.81
2024-05-14,61555.57,1212534592796.0,2.121407,26161115.98
2024-05-15,66281.53,1305656862270.0,2.275706,29205300.15
2024-05-16,65269.26,1285745432662.0,2.238814,28963234.27
2024-05-17,66956.44,1319013797949.0,2.293533,32432026.08
2024-05-18,66977.6,1319457427064.0,2.293352,26791040.28
2024-05-19,66259.47,1305342162215.0,2.267741,31887370.14
2024-05-20,71202.2,1402750979194.0,2.430733,34711073.76
2024-05-21,70217.25,1383376851823.0,2.392177,30281191.09
2024-05-22,69074.91,1360904192311.0,2.350509,33026443.32
2024-05-23,67758.73,1335008716623.0,2.303426,35785079.63
2024-05-24,68609.0,1351795322625.0,2.329942,34304499.14
2024-05-25,69282.79,1365105657155.0,2.351755,34641396.3
2024-05-26,68445.01,1348634376225.0,2.321857,35933628.65
2024-05-27,69347.82,1366449886995.0,2.349289,26655566.49
2024-05-28,68342.82,1346675790188.0,2.276025,28618556.06
2024-05-29,67584.26,1331757571194.0,2.249667,28934512.7
2024-05-30,68375.48,1347374814099.0,2.274594,26281823.6
2024-05-31,67377.76,1327745507332.0,2.240435,31162215.21
2024-06-01,67714.35,1334408183645.0,2.250812,29836636.63
2024-06-02,67805.49,1336233753379.0,2.252891,29664899.94
2024-06-03,68833.3,1356522583774.0,2.282844,33771339.2
2024-06-04,70554.09,1390464286885.0,2.336035,29544524.95
2024-06-05,71087.44,1401002830702.0,2.350052,27324236.02
2024-06-06,70788.5,1395140656060.0,2.333807,29421470.88
2024-06-07,69338.16,1366587206919.0,2.283767,30768807.31
2024-06-08,69310.11,1366071661252.0,2.281754,37254183.73
2024-06-09,69644.02,1372686175118.0,2.291784,33298546.63
2024-06-10,69465.94,1369206330030.0,2.28443,30174266.06
2024-06-11,67368.26,1327886106725.0,2.210797,25894676.29
2024-06-12,68213.83,1344584160572.0,2.236529,31122562.07
2024-06-13,66783.49,1316420457334.0,2.189194,30261269.03
2024-06-14,65982.19,1300651738960.0,2.162289,26392874.61
2024-06-15,66204.9,1305069712028.0,2.168574,27723303.68
2024-06-16,66622.6,1313337507861.0,2.181701,33935886.84
2024-06-17,66483.88,1310631966549.0,2.176008,29086696.86
2024-06-18,65112.12,1283620750458.0,2.13117,30928258.43
2024-06-19,64878.71,1279047103315.0,2.122527,27776199.5
2024-06-20,64897.7,1279448394408.0,2.122824,26973107.04
2024-06-21,64086.05,1263474830674.0,2.094842,28037646.4
2024-06-22,64258.14,1266898089628.0,2.094394,30522614.37
2024-06-23,63345.02,1248917529607.0,2.06463,22170757.66
2024-06-24,60258.96,1188100921863.0,1.965853,28623003.83
2024-06-25,61739.67,1217319401227.0,2.013825,23924120.52
2024-06-26,60794.48,1198706106409.0,1.983143,22987911.26
2024-06-27,61569.92,1214020888209.0,2.004496,25012781.39
2024-06-28,60303.31,1189071644235.0,1.963324,25440460.9
2024-06-29,60889.33,1200656669707.0,1.98209,29873827.45
2024-06-30,62763.28,1237632202717.0,2.042245,23732365.13
2024-07-01,62835.4,1239082028946.0,2.043146,27686848.02
2024-07-02,62028.62,1223201373387.0,2.017079,28688235.38
2024-07-03,60216.39,1187491669195.0,1.956496,27285552.66
2024-07-04,57418.24,1132336135774.0,1.867131,25120480.88
2024-07-05,56720.99,1118607148796.0,1.842167,21447623.64
2024-07-06,58259.22,1148973034600.0,1.891715,30039911.23
2024-07-07,56112.57,1106662108516.0,1.822129,24724602.28
2024-07-08,56691.91,1118116169843.0,1.842315,28168795.22
2024-07-09,57981.43,1143576800885.0,1.882826,27903564.2
2024-07-10,57722.01,1138484737067.0,1.873671,24531854.82
2024-07-11,57307.71,1130338357125.0,1.860392,25072124.32
2024-07-12,57859.12,1141241450891.0,1.877697,27121462.63
2024-07-13,59329.04,1170263359782.0,1.924461,28552099.15
2024-07-14,61015.03,1203551433725.0,1.978252,31842220.84
2024-07-15,64734.76,1276955826783.0,2.094337,30951307.68
2024-07-16,65118.83,1284561804278.0,2.102495,29913961.0
2024-07-17,64201.37,1266495577595.0,2.072214,31900056.11
2024-07-18,63984.3,1262239275865.0,2.063285,25793671.83
2024-07-19,66755.78,1316943858343.0,2.146795,30665937.99
2024-07-20,67185.5,1325455815469.0,2.159545,34642522.31
2024-07-21,68056.62,1342677522206.0,2.186185,35942402.5
2024-07-22,67535.2,1332428244618.0,2.167482,37777501.2
2024-07-23,65916.41,1300525327321.0,2.109595,34812103.06
2024-07-24,65353.39,1289445533978.0,2.091076,28592106.28
2024-07-25,65722.06,1296753108116.0,2.101052,33477174.92
2024-07-26,67912.24,1340001251630.0,2.167989,33956121.65
2024-07-27,68077.37,1343292249648.0,2.171495,32762235.8
2024-07-28,68170.67,1345164681877.0,2.17369,31528934.47
2024-07-29,66867.17,1319480775875.0,2.130351,37194861.8
2024-07-30,66186.91,1306088468541.0,2.107537,31025116.26
2024-07-31,64690.63,1276590367648.0,2.060105,28504310.62
2024-08-01,65178.06,1286237547914.0,2.073447,28515399.28
2024-08-02,61506.77,1213811646575.0,1.958129,24026081.99
2024-08-03,60688.24,1197683974936.0,1.931911,25602853.12
2024-08-04,58306.26,1150701598520.0,1.856581,26055611.94
2024-08-05,54343.63,1072523586902.0,1.734615,26492518.49
2024-08-06,56047.47,1106175094630.0,1.790106,24520768.69
2024-08-07,55129.74,1088083425121.0,1.761027,21018213.77
2024-08-08,61908.79,1221904955759.0,1.974027,24956980.84
2024-08-09,60720.94,1198484835251.0,1.934847,24667882.18
2024-08-10,60871.56,1201482137168.0,1.937094,24538845.64
2024-08-11,58836.1,1161336033784.0,1.872742,29601915.01
2024-08-12,59394.16,1172376697311.0,1.890144,25428126.01
2024-08-13,60536.25,1194948367405.0,1.926417,28187189.44
2024-08-14,58840.65,1161502552681.0,1.8735,24271766.76
2024-08-15,57644.19,1137913514476.0,1.835794,28822093.84
2024-08-16,58927.28,1163268220732.0,1.876508,26148978.95
2024-08-17,59414.67,1172917480915.0,1.891903,27664957.74
2024-08-18,58793.21,1160677609429.0,1.872,28661688.0
2024-08-19,59411.52,1172908290164.0,1.891279,24135929.6
2024-08-20,59123.3,1167245960130.0,1.882427,27714047.0
2024-08-21,61133.03,1206951189414.0,1.945234,28082983.66
2024-08-22,60394.47,1192400134476.0,1.921171,30197236.89
2024-08-23,64106.8,1265727472787.0,2.035904,32854736.49
2024-08-24,64023.23,1264107951578.0,2.032047,30611105.27
2024-08-25,64498.02,1273509292081.0,2.046583,26806988.87
2024-08-26,62983.44,1243630467610.0,1.998001,26374316.66
2024-08-27,59548.01,1175823003705.0,1.891972,26424428.38
2024-08-28,59100.77,1167021768381.0,1.875827,29735077.3
2024-08-29,59339.79,1171765932988.0,1.883349,24477663.79
2024-08-30,59142.94,1167905016493.0,1.876983,26244679.61
2024-08-31,58959.93,1164318100827.0,1.870737,27084716.13
2024-09-01,57349.08,1132533186814.0,1.820019,25448654.57
2024-09-02,59159.02,1168306929893.0,1.877143,30873615.59
2024-09-03,57637.78,1138291265398.0,1.82973,26837589.19
2024-09-04,58033.4,1146131838404.0,1.841861,27384510.14
2024-09-05,56112.95,1108231128686.0,1.781931,27179711.58
2024-09-06,53838.95,1063344022288.0,1.710812,24395775.79
2024-09-07,54066.44,1067863679558.0,1.718207,26695304.71
2024-09-08,54859.26,1083551229333.0,1.743469,28629675.48
2024-09-09,57135.78,1128541804949.0,1.814073,25889650.96
2024-09-10,57664.5,1139009699686.0,1.830851,24687613.99
2024-09-11,57409.2,1133986205007.0,1.822802,19375603.33
2024-09-12,58124.64,1148145814023.0,1.844924,27609204.86
2024-09-13,60536.88,1195818457804.0,1.918166,23268863.81
2024-09-14,60007.17,1185380845499.0,1.901062,26065614.58
2024-09-15,59129.92,1168079552742.0,1.87319,27901930.88
2024-09-16,58227.46,1150274777284.0,1.844209,22745103.21
2024-09-17,60238.22,1190025146381.0,1.906556,28236664.56
2024-09-18,61306.23,1211150580514.0,1.938487,26438313.3
2024-09-19,62994.61,1244529728528.0,1.989407,24016694.93
2024-09-20,63153.95,1247706329948.0,1.991251,28616634.42
2024-09-21,63367.73,1251956581811.0,1.997225,26733260.93
2024-09-22,63571.95,1256018426232.0,2.003095,27018079.67
2024-09-23,63336.01,1251385764259.0,1.993211,28897055.76
2024-09-24,64342.79,1271306695183.0,2.023228,29155326.32
2024-09-25,63059.63,1245981917271.0,1.980829,28376832.11
2024-09-26,65057.79,1285489555328.0,2.04091,26429725.62
2024-09-27,65767.71,1299545301088.0,2.061134,28156802.24
2024-09-28,65770.53,1299627426192.0,2.059735,26513743.96
2024-09-29,65617.76,1296640538015.0,2.054378,31783603.02
2024-09-30,63260.04,1250077896710.0,1.980656,27083205.72
2024-10-01,60858.25,1202646051654.0,1.906307,29858578.27
2024-10-02,60686.1,1199273528114.0,1.901136,29394829.36
2024-10-03,60765.24,1200867438227.0,1.903668,30002835.65
2024-10-04,62052.51,1226339830657.0,1.942653,32771481.87
2024-10-05,62030.45,1225933206941.0,1.9416,29270620.43
2024-10-06,62789.88,1240971909274.0,1.964736,29825193.69
2024-10-07,62416.51,1233622849152.0,1.952456,30232996.46
2024-10-08,62126.33,1227920018306.0,1.92678,32422177.1
2024-10-09,60615.26,1198077958962.0,1.880158,24056680.59
2024-10-10,60221.12,1190316820567.0,1.868651,29169603.69
2024-10-11,62462.54,1234647595505.0,1.931912,27327361.23
2024-10-12,63202.88,1249309568740.0,1.95397,28243787.31
2024-10-13,62759.43,1240571118552.0,1.939547,27065004.67
2024-10-14,66089.76,1306430701379.0,2.039522,28707738.95
2024-10-15,66933.97,1323151391128.0,2.060181,32630312.73
2024-10-16,67662.95,1337591659771.0,2.079853,29813988.84
2024-10-17,67337.91,1331199044934.0,2.067823,33037660.89
2024-10-18,68390.54,1352037490364.0,2.097752,29065978.46
2024-10-19,68357.9,1351429188790.0,2.095294,36955988.77
2024-10-20,69012.35,1364405010362.0,2.110307,37309803.45
2024-10-21,67440.46,1333364068408.0,2.056928,36038497.15
2024-10-22,67425.76,1333102370303.0,2.054857,29077356.98
2024-10-23,66647.29,1317742395148.0,2.03015,31449188.39
2024-10-24,68130.99,1347109398129.0,2.073553,31297675.75
2024-10-25,66261.54,1310177531437.0,2.015882,31681297.71
2024-10-26,67023.34,1325271090943.0,2.038385,30579398.86
2024-10-27,68000.15,1344619989933.0,2.067245,34212574.21
2024-10-28,69862.52,1381482823560.0,2.120797,36677823.29
2024-10-29,72678.79,1437208187258.0,2.199388,35658029.69
2024-10-30,72450.28,1432727864892.0,2.189505,38262806.44
2024-10-31,70367.08,1391566605240.0,2.125316,34743746.72
2024-11-01,69483.58,1374127913099.0,2.096717,33221838.14
2024-11-02,69241.68,1369374466600.0,2.08847,30509615.02
2024-11-03,68742.75,1359535717302.0,2.072996,28356386.28
2024-11-04,67779.1,1340509299537.0,2.042172,31983261.39
2024-11-05,69538.02,1375326900716.0,2.093404,30205579.25
2024-11-06,75696.04,1497156604749.0,2.265384,36192167.51
2024-11-07,75972.3,1502657637883.0,2.268079,37036494.08
2024-11-08,76507.45,1513276367734.0,2.278456,33950179.78
2024-11-09,76799.25,1519081480992.0,2.285491,33359675.41
2024-11-10,80409.29,1590524775490.0,2.386299,37189295.04
2024-11-11,88860.0,1757720678967.0,2.614736,37765499.34
2024-11-12,88048.75,1741713696652.0,2.574403,40172241.68
2024-11-13,90369.38,1787657675323.0,2.623763,38971795.97
2024-11-14,87204.26,1725080813100.0,2.516917,34609189.49
2024-11-15,91139.08,1802962571173.0,2.616628,42721445.83
2024-11-16,90567.7,1791703486490.0,2.596325,44434775.73
2024-11-17,89732.97,1775232152213.0,2.570046,42062329.89
2024-11-18,90587.7,1792185787343.0,2.586767,44161502.07
2024-11-19,92254.14,1825205105779.0,2.616097,50451482.04
2024-11-20,94160.04,1862955744742.0,2.654584,43254768.69
2024-11-21,98545.57,1949767734681.0,2.735704,44345506.0
2024-11-22,98938.35,1957583287127.0,2.726862,44213074.95
2024-11-23,97707.05,1933263035602.0,2.682476,42136164.65
2024-11-24,97980.21,1938708892764.0,2.68419,41029212.22
2024-11-25,93343.03,1847003530883.0,2.550937,49296787.23
2024-11-26,91875.57,1818006432546.0,2.504172,39908450.7
2024-11-27,95989.08,1899443244840.0,2.606954,39895461.47
2024-11-28,95737.94,1894516141680.0,2.593739,42483711.0
2024-11-29,97398.94,1927421800510.0,2.630995,36828974.85
2024-11-30,96463.62,1908962307847.0,2.60351,49437607.76
2024-12-01,97469.6,1928918216381.0,2.62759,48125617.2
2024-12-02,95726.44,1894459110890.0,2.57261,37991431.56
2024-12-03,96010.88,1900135290511.0,2.571458,47105336.74
2024-12-04,98920.25,1957759688319.0,2.637537,45441491.14
2024-12-05,96949.66,1918806150364.0,2.56244,46959993.7
2024-12-06,99953.11,1978292068451.0,2.619701,42480069.9
2024-12-07,99977.7,1978823210378.0,2.617242,44365104.48
2024-12-08,100798.98,1995124567555.0,2.63583,45989536.25
2024-12-09,97390.2,1927704967521.0,2.528322,50825510.03
2024-12-10,96835.5,1916772101161.0,2.504256,46602085.21
2024-12-11,101310.2,2005389739960.0,2.607826,44956402.09
2024-12-12,100090.89,1981300299244.0,2.572509,46292036.85
2024-12-13,101289.82,2005087006886.0,2.596414,53810218.99
2024-12-14,101366.87,2006662563398.0,2.595601,50366664.36
2024-12-15,104551.37,2069747720545.0,2.67158,44761054.06
2024-12-16,105855.67,2095617308590.0,2.690487,48958248.41
2024-12-17,106115.91,2100814326265.0,2.682505,45099262.0
2024-12-18,100469.77,1989080900958.0,2.533767,45211396.8
2024-12-19,97697.05,1934231301841.0,2.449251,44268973.87
2024-12-20,97617.44,1932701352302.0,2.438924,46063230.54
2024-12-21,97093.02,1922362435574.0,2.424795,43995274.27
2024-12-22,95149.11,1883920629195.0,2.368325,46087848.13
2024-12-23,94800.76,1877064601089.0,2.346603,41179078.48
2024-12-24,98637.73,1953077820205.0,2.432547,40688064.88
2024-12-25,99235.37,1964958123095.0,2.445757,46826689.22
2024-12-26,95628.3,1893573831131.0,2.354896,39147836.58
2024-12-27,94219.98,1865733631847.0,2.316536,46521116.18
2024-12-28,95123.58,1883669106004.0,2.337392,42508350.31
2024-12-29,93457.58,1850724503071.0,2.293981,46144679.3
2024-12-30,92523.16,1832266408959.0,2.264447,45972446.66
2024-12-31,93389.73,1849465014110.0,2.280812,37647735.96
2025-01-01,94455.8,1870618380200.0,2.30304,41324411.0
2025-01-02,96851.39,1918111729017.0,2.357884,50544321.08
2025-01-03,98120.68,1943293181041.0,2.386291,43541053.82
2025-01-04,98230.05,1945504870252.0,2.387516,45738366.03
2025-01-05,98414.81,1949212211951.0,2.390966,47977220.9
2025-01-06,102179.56,2023819606222.0,2.477063,42468379.78
2025-01-07,96975.0,1920775996885.0,2.346703,40608279.49
2025-01-08,95039.28,1882472571007.0,2.298666,37124719.11
2025-01-09,92346.17,1829173131917.0,2.23382,43864430.35
2025-01-10,94759.12,1877010385895.0,2.290083,42049359.34
2025-01-11,94606.51,1874028218725.0,2.285502,40799056.58
2025-01-12,94353.78,1869072635805.0,2.278658,50715154.2
2025-01-13,94375.73,1869545289654.0,2.277985,37750291.96
2025-01-14,96569.48,1913048986190.0,2.328058,46474060.19
2025-01-15,100172.41,1984466832795.0,2.409541,43512388.85
2025-01-16,99977.73,1980650188550.0,2.398911,39991091.93
2025-01-17,104296.59,2066259604649.0,2.495913,48889025.64
2025-01-18,104398.16,2068314222988.0,2.494679,42411750.98
2025-01-19,100954.57,2000137986542.0,2.410673,47322455.76
2025-01-20,102589.0,2032568393070.0,2.445056,48729774.38
2025-01-21,105987.89,2099953742682.0,2.518859,44051216.24
2025-01-22,103791.13,2056477666295.0,2.459018,48652091.65
2025-01-23,104184.62,2064318362060.0,2.455447,44278462.12
2025-01-24,104716.12,2074895497989.0,2.465183,45813304.64
2025-01-25,104866.09,2077908832638.0,2.46702,41946434.14
2025-01-26,102833.37,2037674834179.0,2.418362,44025536.22
2025-01-27,101907.45,2019377065359.0,2.393412,49679880.07
2025-01-28,101138.14,2004179506350.0,2.373287,46776391.63
2025-01-29,103918.8,2059331945599.0,2.436319,50335666.55
2025-01-30,104987.45,2080556697806.0,2.457756,47572436.65
2025-01-31,102263.04,2026606623486.0,2.392627,39946501.43
2025-02-01,100610.29,1993910895067.0,2.353296,57850917.0
2025-02-02,97424.78,1930832016063.0,2.278588,52061367.29
2025-02-03,101582.41,2013279341602.0,2.371727,48569089.16
2025-02-04,97848.15,1939309473574.0,2.28075,40056586.31
2025-02-05,96559.33,1913809109908.0,2.246536,43451699.74
2025-02-06,96541.3,1913495458439.0,2.243314,43745276.87
2025-02-07,96384.11,1910431989079.0,2.23876,52107660.0
2025-02-08,96603.32,1914825201260.0,2.242989,48301659.08
2025-02-09,96309.75,1909049334364.0,2.232532,43038420.98
2025-02-10,97375.23,1930211390619.0,2.256011,42297363.51
2025-02-11,95806.26,1899147805927.0,2.217841,37124924.99
2025-02-12,97756.5,1937847635267.0,2.261467,40630044.34
2025-02-13,96534.74,1913676151861.0,2.232652,47664028.19
2025-02-14,97414.36,1931159716999.0,2.251662,46271820.52
2025-02-15,97583.24,1934556498528.0,2.254484,48791621.59
2025-02-16,96182.27,1906827963922.0,2.221961,45386006.85
2025-02-17,95790.51,1899102368221.0,2.212551,41010312.52
2025-02-18,95444.03,1892274974606.0,2.203723,41756763.95
2025-02-19,96647.91,1916181201686.0,2.230473,38055115.86
2025-02-20,98392.22,1950804507962.0,2.269163,39971839.26
2025-02-21,96048.99,1904384514551.0,2.214534,38719750.6
2025-02-22,96605.71,1915464594990.0,2.225972,41963104.89
2025-02-23,96091.63,1905310407148.0,2.213617,38736939.54
2025-02-24,91869.65,1821634093760.0,2.116419,37322047.08
2025-02-25,88769.74,1760208246635.0,2.045057,40778597.3
2025-02-26,83987.9,1665430715503.0,1.937157,41206561.3
2025-02-27,84625.42,1678112099535.0,1.951252,39668165.22
2025-02-28,84243.78,1670585267602.0,1.942882,41068841.73
2025-03-01,85844.37,1702364201941.0,1.979772,38629965.85
2025-03-02,94328.01,1870638896492.0,2.172335,37141653.72
2025-03-03,86315.93,1711790108876.0,1.989049,40460592.45
2025-03-04,87323.69,1731815528260.0,2.011927,39841433.86
2025-03-05,90619.41,1797214619203.0,2.0855,37946877.56
2025-03-06,90222.07,1789382285455.0,2.074588,47930474.33
2025-03-07,86553.59,1716663461110.0,1.990605,38408156.54
2025-03-08,86171.28,1709117730735.0,1.981703,36892078.79
2025-03-09,80647.8,1599605268650.0,1.855317,40071873.84
2025-03-10,79005.96,1567078358406.0,1.818307,38021618.31
2025-03-11,82747.16,1641320516184.0,1.902956,35684712.83
2025-03-12,83630.16,1658875091592.0,1.921883,39985669.35
2025-03-13,81110.29,1608931653807.0,1.864335,40301674.87
2025-03-14,84105.83,1668389628844.0,1.932035,37321963.64
2025-03-15,84352.88,1673324978903.0,1.937487,34795561.89
2025-03-16,82492.1,1636449800881.0,1.894746,37379234.09
2025-03-17,84013.95,1666676385337.0,1.929603,36756102.04
2025-03-18,82680.81,1640266102190.0,1.898906,36689607.91
2025-03-19,86774.24,1721514946126.0,1.991193,41217761.66
2025-03-20,84124.97,1668993504739.0,1.929827,37330456.01
2025-03-21,84069.41,1667929256878.0,1.928165,38093950.58
2025-03-22,83821.22,1663044522838.0,1.922359,39291197.02
2025-03-23,85760.88,1701569937335.0,1.966381,41808429.71
2025-03-24,87322.57,1732597247213.0,2.000879,42023987.71
2025-03-25,87422.84,1734627459888.0,2.002674,40706261.09
2025-03-26,86836.68,1723038102417.0,1.988511,41247421.15
2025-03-27,87211.32,1730512308534.0,1.996709,40335237.36
2025-03-28,84309.08,1672964353420.0,1.928282,40573743.96
2025-03-29,82497.18,1637046774656.0,1.887243,36350319.61
2025-03-30,82216.47,1631511606002.0,1.881216,35198924.8
2025-03-31,82461.45,1636411209942.0,1.887088,38138420.45
2025-04-01,85226.71,1691322616302.0,1.950077,35955019.88
2025-04-02,82555.63,1638359405101.0,1.888277,44373651.82
2025-04-03,82931.7,1645862024148.0,1.894154,39392556.26
2025-04-04,83774.18,1662629046894.0,1.912667,47122976.1
2025-04-05,83302.17,1653304002042.0,1.901683,42692362.93
2025-04-06,77949.09,1547096309797.0,1.780124,35320680.72
2025-04-07,79421.8,1576362060477.0,1.812817,35988005.12
2025-04-08,76351.43,1515457839297.0,1.743966,36505527.24
2025-04-09,82720.6,1641909959540.0,1.887231,33863747.05
2025-04-10,79558.96,1579190648363.0,1.814728,35801530.12
2025-04-11,83359.9,1654675324685.0,1.900528,38553953.53
2025-04-12,85269.25,1692613865286.0,1.943283,38371162.28
2025-04-13,83568.95,1658907541993.0,1.903922,44918313.01
2025-04-14,84589.03,1679196255170.0,1.926202,39386768.22
2025-04-15,83671.34,1661016663554.0,1.907137,37652104.79
2025-04-16,84151.54,1670588196755.0,1.917271,38920085.29
2025-04-17,84940.58,1686293103288.0,1.939657,40612216.66
2025-04-18,84434.77,1676287312526.0,1.927799,35884778.42
2025-04-19,85124.72,1690021871643.0,1.943457,36976050.9
2025-04-20,85101.75,1689598441896.0,1.942638,32710983.68
2025-04-21,87360.72,1734482195998.0,1.9928,34398283.46
2025-04-22,93495.61,1856331181814.0,2.128264,45286936.43
2025-04-23,93695.74,1860338085945.0,2.12611,33379107.55
2025-04-24,93849.88,1863439928976.0,2.126194,41352604.16
2025-04-25,94771.41,1881780070425.0,2.139689,42647135.76
2025-04-26,94694.51,1880292468575.0,2.136845,39357406.18
2025-04-27,93812.88,1862825953570.0,2.116303,39577307.29
2025-04-28,95066.02,1887751317171.0,2.14146,41888465.59
2025-04-29,94102.84,1868668111983.0,2.116492,42934420.89
2025-04-30,94236.73,1871365778929.0,2.117664,38872652.16
2025-05-01,96411.74,1914598090283.0,2.163506,40673703.77
2025-05-02,96842.1,1923192534186.0,2.170026,48118419.48
2025-05-03,95943.61,1905398528848.0,2.148828,49171100.82
2025-05-04,94377.79,1874342989259.0,2.113616,40995352.5
2025-05-05,94853.73,1883847029957.0,2.119832,51873133.52
2025-05-06,96677.92,1920118226994.0,2.156603,41692354.94
2025-05-07,97137.38,1929289214332.0,2.164178,45836699.16
2025-05-08,103069.54,2047161802263.0,2.290835,51212677.34
2025-05-09,102940.8,2044649883878.0,2.283107,45036601.29
2025-05-10,104582.82,2077313318158.0,2.317993,49023197.72
2025-05-11,103976.14,2065311256126.0,2.303148,48413889.16
2025-05-12,102920.07,2044380972697.0,2.276548,46635658.84
2025-05-13,104145.71,2068769059377.0,2.297021,42309195.43
2025-05-14,103572.72,2057433647794.0,2.281735,46607723.84
2025-05-15,103716.28,2060332819996.0,2.27933,47320554.55
2025-05-16,103566.27,2057396779611.0,2.272926,44015664.41
2025-05-17,103190.04,2049968934872.0,2.263971,46113049.73
2025-05-18,106015.69,2106156816753.0,2.32407,53670442.99
2025-05-19,105615.83,2098259532017.0,2.309463,46536974.64
2025-05-20,106893.33,2123688965538.0,2.332819,49438165.24
2025-05-21,109704.86,2179595937623.0,2.387132,49367185.03
2025-05-22,111477.01,2214857125537.0,2.419115,52254850.68
2025-05-23,107291.89,2131757821571.0,2.325244,51969508.72
2025-05-24,107917.33,2144232082359.0,2.337523,47551072.78
2025-05-25,108914.88,2164103972792.0,2.357588,51394207.38
2025-05-26,109371.99,2173238869041.0,2.361541,52293480.41
2025-05-27,109066.35,2167213819846.0,2.348323,48057358.55
2025-05-28,107895.4,2144001770511.0,2.319566,55296393.73
2025-05-29,105732.96,2101084126510.0,2.269516,52536063.45
2025-05-30,103981.3,2066326288336.0,2.230171,50365943.62
2025-05-31,104708.96,2080839122058.0,2.24532,52681697.59
2025-06-01,105750.16,2101574335240.0,2.266824,43952410.14
2025-06-02,105899.7,2104590104579.0,2.263174,44014561.54
2025-06-03,105483.99,2096375961867.0,2.24905,47467793.5
2025-06-04,104782.84,2082482835627.0,2.23063,41258245.18
2025-06-05,101669.19,2020643792696.0,2.164422,42573973.52
2025-06-06,104421.05,2075379908381.0,2.221377,43726315.34
2025-06-07,105685.25,2100553227975.0,2.246857,47228096.27
2025-06-08,105727.74,2101448276113.0,2.246593,50551075.51
2025-06-09,110198.16,2190350694809.0,2.338329,48211694.44
2025-06-10,110074.12,2187943357306.0,2.331994,58132894.14
2025-06-11,108645.79,2159600242681.0,2.299465,47872049.26
2025-06-12,105998.99,2107037660426.0,2.241962,49024530.95
2025-06-13,106024.82,2107599273522.0,2.239427,48042497.51
2025-06-14,105467.11,2096562615729.0,2.227144,49767291.94
2025-06-15,105512.8,2097515696363.0,2.22722,44842938.91
2025-06-16,107243.93,2131978316690.0,2.258772,48930044.59
2025-06-17,104628.4,2080020784384.0,2.203207,38581721.22
2025-06-18,104813.37,2083743868285.0,2.205817,45855848.08
2025-06-19,104709.72,2081724883732.0,2.202308,41556670.43
2025-06-20,103274.96,2053249239007.0,2.171234,48732871.2
2025-06-21,101548.2,2018963554074.0,2.134109,44744674.03
2025-06-22,100899.23,2006094738210.0,2.119915,33738181.42
2025-06-23,105496.95,2097542487005.0,2.213487,35275541.82
2025-06-24,105964.07,2106868694060.0,2.22035,38743111.32
2025-06-25,107305.07,2133579562773.0,2.245066,47951951.01
2025-06-26,107012.82,2127821320993.0,2.234144,52503166.2
2025-06-27,107090.96,2129413451734.0,2.230726,38485813.41
2025-06-28,107357.62,2134764370077.0,2.235596,48646420.28
2025-06-29,108360.9,2154771519854.0,2.255149,57228101.21
2025-06-30,107153.1,2130802792374.0,2.224449,48553748.95
2025-07-01,105566.36,2099293644624.0,2.190371,44205911.83
2025-07-02,108927.13,2166178189392.0,2.257293,52080786.19
2025-07-03,109632.16,2180250385704.0,2.268221,51732675.09
2025-07-04,108081.4,2149464119255.0,2.215345,53702943.52
2025-07-05,108244.79,2152766699219.0,2.218075,53107599.51
2025-07-06,109180.01,2171420830655.0,2.236334,54590002.77
2025-07-07,108249.4,2152963631064.0,2.2137,51080186.1
2025-07-08,108956.63,2167078035043.0,2.224147,48349505.32
2025-07-09,111416.81,2216066450892.0,2.268231,57101113.44
2025-07-10,115873.9,2304779478143.0,2.354602,61920117.33
2025-07-11,117618.61,2339537436458.0,2.382123,55133721.13
2025-07-12,117382.37,2334893219629.0,2.373411,54656167.21
2025-07-13,118899.74,2365126544898.0,2.401709,50903949.95
2025-07-14,119871.1,2384502915693.0,2.412508,54316590.46
2025-07-15,117710.89,2341591953037.0,2.364195,60326831.64
2025-07-16,118730.19,2361917162382.0,2.368875,48605170.63
2025-07-17,119501.66,2377315036151.0,2.374986,50788207.1
2025-07-18,117958.51,2346669299828.0,2.340384,53081330.05
2025-07-19,117908.52,2345727189536.0,2.336414,52321907.85
2025-07-20,117305.68,2333788554645.0,2.32337,54620457.69
2025-07-21,117432.44,2336365376851.0,2.321844,55046454.2
2025-07-22,120068.01,2388857383305.0,2.367096,56281877.71
2025-07-23,118650.59,2360708516579.0,2.3344,51909631.88
2025-07-24,118377.08,2355321152007.0,2.32579,54379472.01
2025-07-25,117520.17,2338330202044.0,2.304027,58760086.68
2025-07-26,117983.2,2347599668866.0,2.311831,56410719.7
2025-07-27,119438.16,2376601218524.0,2.338854,51134464.06
2025-07-28,118022.64,2348488298494.0,2.308482,53479007.54
2025-07-29,117871.37,2345519559459.0,2.301424,41254979.81
2025-07-30,117732.64,2342809433816.0,2.295573,50404288.07
2025-07-31,115848.34,2305368665824.0,2.257673,55752013.62
2025-08-01,113282.14,2254355122015.0,2.207088,53455011.86
2025-08-02,112545.67,2239750089818.0,2.192315,50997258.38
2025-08-03,114263.69,2273995431946.0,2.224097,55346476.76
2025-08-04,115199.93,2292689374189.0,2.240631,61559964.55
2025-08-05,114111.36,2271073998199.0,2.2179,49210524.44
2025-08-06,115034.68,2289501873478.0,2.234972,51765605.44
2025-08-07,117444.91,2337531175121.0,2.278131,59089472.32
2025-08-08,116740.69,2323564790361.0,2.262148,49979606.93
2025-08-09,116511.66,2319048455361.0,2.256992,42235475.21
2025-08-10,119189.2,2372392553183.0,2.30742,50282942.97
2025-08-11,118742.04,2363546734532.0,2.296377,54547126.03
2025-08-12,120154.32,2391709484341.0,2.320648,51441070.36
2025-08-13,123442.68,2457225396915.0,2.379739,60178306.41
2025-08-14,118510.27,2359101850712.0,2.282416,59995824.84
2025-08-15,117311.21,2335282091620.0,2.257693,49124069.17
2025-08-16,117462.43,2338348119563.0,2.253274,55794652.75
2025-08-17,117601.95,2341181540293.0,2.255305,55860927.31
2025-08-18,116312.91,2315575768549.0,2.229656,55975590.05
2025-08-19,112886.1,2247401509643.0,2.162406,47271054.99
2025-08-20,114277.32,2275149059639.0,2.187593,50353444.5
2025-08-21,112347.1,2236772618108.0,2.150092,52311619.51
2025-08-22,116800.98,2325500247698.0,2.23096,53290445.77
2025-08-23,115280.44,2295281301320.0,2.201272,54758211.24
2025-08-24,113516.12,2260210071458.0,2.167329,58177012.77
2025-08-25,110089.53,2192032047922.0,2.101609,48508200.62
2025-08-26,111895.3,2228039674984.0,2.134899,52450919.76
2025-08-27,111252.31,2215288753962.0,2.121825,52149519.02
2025-08-28,112481.15,2239813780373.0,2.142789,55889072.85
2025-08-29,108473.33,2160062777590.0,2.058524,55931561.01
2025-08-30,108746.15,2165549227144.0,2.063022,53693411.97
2025-08-31,108316.45,2157036868947.0,2.054654,44680534.34
2025-09-01,108992.32,2170551279015.0,2.066472,54836763.32
2025-09-02,111140.95,2213397100782.0,2.106133,56612419.96
2025-09-03,111780.74,2226186647369.0,2.117353,47856130.85
2025-09-04,110900.63,2208707196346.0,2.09884,48519027.12
2025-09-05,110711.23,2204984484343.0,2.090991,49474080.68
2025-09-06,110243.65,2195720165768.0,2.081548,48231597.2
2025-09-07,111307.78,2216968057740.0,2.100796,53566871.25
2025-09-08,112112.31,2233048249213.0,2.114485,56056155.79
2025-09-09,111486.4,2220639486843.0,2.1019,58181963.32
2025-09-10,113930.75,2269387779972.0,2.145924,60525710.1
2025-09-11,115445.81,2299620481124.0,2.171828,54115224.81
2025-09-12,116149.17,2313674623907.0,2.183452,43555940.26
2025-09-13,115965.63,2310069502058.0,2.178679,51097354.64
2025-09-14,115395.93,2298776200579.0,2.16736,55173680.67
2025-09-15,115420.93,2299332980316.0,2.165667,58792537.14
2025-09-16,116798.87,2326841616711.0,2.18888,58399433.53
2025-09-17,116575.78,2322443908090.0,2.181807,46630311.05
2025-09-18,117014.43,2331240531967.0,2.188425,57775873.21
2025-09-19,115612.37,2303368556121.0,2.158452,60696495.58
2025-09-20,115753.17,2306228956193.0,2.160082,55344482.47
2025-09-21,115320.86,2297674188701.0,2.151199,58381184.78
2025-09-22,112727.71,2246060606260.0,2.103084,52841113.0
2025-09-23,112052.39,2232655622694.0,2.088421,50423576.98
2025-09-24,113324.62,2258059127592.0,2.109844,54183335.66
2025-09-25,109166.35,2175251165399.0,2.031242,48101422.08
2025-09-26,109669.1,2185314295489.0,2.039298,45238504.64
2025-09-27,109644.73,2184881768009.0,2.03841,53109166.43
2025-09-28,112170.01,2235260600040.0,2.084398,57837660.26
2025-09-29,114341.14,2278575750082.0,2.122721,50024249.38
2025-09-30,113971.74,2271271762904.0,2.112807,57342033.09
2025-10-01,118393.27,2359441494737.0,2.186155,55866824.46
2025-10-02,120558.59,2402645137488.0,2.221772,51237402.45
2025-10-03,122348.13,2438354357753.0,2.249203,45115872.07
2025-10-04,122379.74,2439035713312.0,2.247639,51246517.93
2025-10-05,123523.77,2461893696557.0,2.266767,57515754.62
2025-10-06,124824.45,2487865019395.0,2.287145,47979399.38
2025-10-07,121587.7,2423405991080.0,2.219347,52434695.3
2025-10-08,123390.35,2459392369263.0,2.248606,57068038.31
2025-10-09,121603.33,2423819431448.0,2.212553,45601249.79
2025-10-10,113754.85,2267429035645.0,2.070563,46923876.59
2025-10-11,110940.11,2211374961639.0,2.019479,50963114.71
2025-10-12,115152.92,2295401165963.0,2.095126,52178665.54
2025-10-13,115332.25,2299030741395.0,2.097463,54782820.14
2025-10-14,113327.08,2259119504833.0,2.056829,59850863.81
2025-10-15,110862.87,2210046641902.0,2.005891,49888292.62
2025-10-16,108135.05,2155719311027.0,1.957857,51702070.59
2025-10-17,106625.67,2125682123928.0,1.929283,52979629.11
2025-10-18,107143.91,2136069072946.0,1.93815,55246080.62
2025-10-19,108706.66,2167271973157.0,1.96593,47219457.07
2025-10-20,110640.25,2205873161784.0,2.000241,51516866.18
2025-10-21,108700.38,2167248302706.0,1.964255,50953304.1
2025-10-22,107667.63,2146708963449.0,1.942269,51478585.68
2025-10-23,110060.94,2194476255973.0,1.983851,48839540.7
2025-10-24,111024.94,2213759431224.0,2.00024,62104577.57
2025-10-25,111614.54,2225571303267.0,2.010123,55807267.93
2025-10-26,114557.1,2284298071833.0,2.061142,52624668.02
2025-10-27,114087.77,2274991986567.0,2.050649,52409071.09
2025-10-28,112980.69,2252973055586.0,2.026985,57196472.21
2025-10-29,110206.35,2197691726032.0,1.974857,42360565.01
2025-10-30,108019.72,2154140935697.0,1.932525,54009861.92
2025-10-31,109554.24,2184790344305.0,1.959627,47929979.84
2025-11-01,110005.3,2193832993168.0,1.966344,47439783.84
2025-11-02,110389.17,2201542028457.0,1.972776,53469753.55
2025-11-03,106495.8,2123942098026.0,1.902088,47257512.49
2025-11-04,101349.74,2021350949128.0,1.811686,41490048.68
2025-11-05,103915.88,2072575814667.0,1.857056,44813725.32
2025-11-06,101241.57,2019281654874.0,1.80972,44293188.48
2025-11-07,103428.47,2062945632162.0,1.842847,45896384.34
2025-11-08,102335.02,2041174456727.0,1.822758,38375633.04
2025-11-09,104685.55,2088104138262.0,1.864165,46127068.46
2025-11-10,106082.48,2116014386447.0,1.887544,46411084.19
2025-11-11,102974.41,2054067273201.0,1.831888,49234637.68
2025-11-12,101682.13,2028334526602.0,1.80851,44803687.06
2025-11-13,100035.31,1995531055052.0,1.780013,46891551.63
2025-11-14,94502.55,1885204557913.0,1.684261,42526146.42
2025-11-15,95541.32,1905969346288.0,1.70251,42695025.52
2025-11-16,94182.31,1878905175038.0,1.678553,46796836.82
2025-11-17,91911.47,1833638268626.0,1.639287,35615695.15
2025-11-18,92836.44,1852130060915.0,1.654517,38585146.17
2025-11-19,91320.48,1821925037070.0,1.62874,39096580.99
2025-11-20,86911.3,1733993481993.0,1.551562,35579312.64
2025-11-21,84948.05,1694864140155.0,1.520247,40084859.36
2025-11-22,84775.0,1691449473897.0,1.50632,37883828.82
2025-11-23,86872.45,1733336869378.0,1.540813,38549651.76
2025-11-24,88377.6,1763408070509.0,1.567404,39493741.09
2025-11-25,87434.55,1744622674821.0,1.55071,31421791.63
2025-11-26,90449.28,1804823283719.0,1.601918,46355254.5
2025-11-27,91336.2,1822561745081.0,1.618011,40815864.4
2025-11-28,90990.13,1815698698813.0,1.612404,42651621.85
2025-11-29,90842.07,1812783212323.0,1.609812,38891762.86
2025-11-30,90607.7,1808153535033.0,1.605937,47285894.56
2025-12-01,86504.64,1726309340198.0,1.533959,35953489.68
2025-12-02,91528.02,1826593716093.0,1.623387,36325184.76
2025-12-03,93609.09,1868163523114.0,1.65944,38613751.22
2025-12-04,92205.59,1840191787722.0,1.634686,38034807.09
2025-12-05,89279.83,1781834205885.0,1.584551,33200938.44
2025-12-06,89169.56,1779678725952.0,1.582597,45420743.13
2025-12-07,90067.85,1797652167929.0,1.5985,45033923.7
2025-12-08,90673.14,1809775147324.0,1.609618,41936329.31
2025-12-09,92808.85,1852439848226.0,1.646989,37413568.4
2025-12-10,92102.93,1838394451227.0,1.632577,44612356.76
2025-12-11,92623.72,1848835839973.0,1.641645,46311859.94
2025-12-12,90331.61,1803124581759.0,1.602003,40931510.02
2025-12-13,90245.27,1801441441839.0,1.600407,40328353.81
2025-12-14,88096.38,1758581468491.0,1.562599,35238553.05
2025-12-15,86352.58,1723807816698.0,1.533451,36160142.98
2025-12-16,87752.43,1751792518937.0,1.5583,40311272.09
2025-12-17,86059.55,1718034910275.0,1.529105,37113181.9
2025-12-18,85434.19,1705589102848.0,1.518395,38445386.79
2025-12-19,88168.07,1760207641641.0,1.566939,39951158.46
2025-12-20,88292.45,1762731347927.0,1.569933,40559345.89
2025-12-21,88533.43,1767580565650.0,1.574033,38180042.11
2025-12-22,88474.46,1766441678579.0,1.573038,38431094.53
2025-12-23,87365.99,1744350079364.0,1.553493,39587715.93
2025-12-24,87625.67,1749578331320.0,1.558626,43539005.17
2025-12-25,87231.3,1741741838970.0,1.551578,37618500.18
2025-12-26,87334.81,1743851052662.0,1.5548,42575718.79
2025-12-27,87695.42,1751088738231.0,1.56113,37270551.76
2025-12-28,87747.65,1752174226540.0,1.562371,42502767.56
2025-12-29,87133.51,1739952832713.0,1.551844,41933001.88
2025-12-30,88428.49,1765844968793.0,1.575195,32884345.56
2025-12-31,87516.98,1747679146138.0,1.559937,36374244.0
2026-01-01,88684.22,1771030307456.0,1.580567,41847865.3
2026-01-02,89940.18,1796152439786.0,1.602834,40473081.08
2026-01-03,90598.13,1809335929206.0,1.614443,43883469.31
2026-01-04,91359.76,1824587914853.0,1.627823,41397392.92
2026-01-05,93948.58,1876329155089.0,1.672966,38753790.15
2026-01-06,93574.29,1868891796057.0,1.665698,38014554.14
2026-01-07,91208.96,1821692646787.0,1.623474,41899114.28
2026-01-08,91096.92,1819492476511.0,1.621695,37577477.91
2026-01-09,90539.6,1808401358128.0,1.612407,40176948.93
2026-01-10,90406.14,1805781433870.0,1.610013,45768109.6
2026-01-11,90717.21,1812029241680.0,1.615856,34585934.91
2026-01-12,91141.15,1820537738214.0,1.623512,40443885.25
2026-01-13,95304.5,1903740522551.0,1.695646,40206585.22
2026-01-14,97043.99,1938525133767.0,1.725258,37604547.18
2026-01-15,95546.14,1908645921457.0,1.698251,41502854.45
2026-01-16,95489.13,1907545876900.0,1.69675,38792459.05
2026-01-17,95106.98,1899956122538.0,1.68956,44284187.78
2026-01-18,94261.33,1883103755877.0,1.674392,41239331.63
2026-01-19,92526.24,1848484453619.0,1.643687,43371675.92
2026-01-20,88236.56,1762822147347.0,1.568922,36673321.58
2026-01-21,89599.36,1790086994743.0,1.593366,38359726.8
2026-01-22,89395.7,1786063068453.0,1.590056,44977211.93
2026-01-23,89439.77,1786982708956.0,1.597228,39129900.2
2026-01-24,89185.04,1781920520861.0,1.592706,27312918.1
2026-01-25,86445.67,1727217015609.0,1.544168,29175413.83
2026-01-26,88337.45,1765049801468.0,1.577978,34230763.64
2026-01-27,89260.38,1783524598037.0,1.594258,34030520.08
2026-01-28,89177.79,1781904984387.0,1.592968,30654865.05
2026-01-29,84520.4,1688877168322.0,1.510846,33808158.92
2026-01-30,84017.03,1678853413752.0,1.502794,34394473.31
2026-01-31,78702.39,1572688463360.0,1.409207,33940403.75
2026-02-01,76911.05,1536921339758.0,1.377938,28601297.6
2026-02-02,78716.6,1573030843440.0,1.411272,29026746.92
2026-02-03,75684.77,1512475464307.0,1.359791,31219965.99
2026-02-04,73095.19,1460758146742.0,1.315931,32435991.21
2026-02-05,63494.69,1268923762593.0,1.149795,25199454.48
2026-02-06,70647.7,1411906693994.0,1.279489,32012238.26
2026-02-07,69166.26,1382335759076.0,1.254286,35879997.09
2026-02-08,70522.59,1409480417712.0,1.278753,37465125.53
2026-02-09,70244.1,1403950284904.0,1.27489,35780589.34
2026-02-10,68688.79,1372895651922.0,1.248103,30909956.9
2026-02-11,66989.72,1338968761087.0,1.218239,32866829.7
2026-02-12,66221.54,1323651411102.0,1.205656,36628791.7
2026-02-13,68860.84,1376438775427.0,1.254382,32493709.42
2026-02-14,69798.08,1395209152714.0,1.271428,36207753.55
2026-02-15,68629.96,1371901612479.0,1.250352,42250319.11
2026-02-16,68747.44,1374287575683.0,1.252992,37596255.17
2026-02-17,67471.05,1348806897573.0,1.23036,34789760.59
2026-02-18,66380.71,1327041682413.0,1.211464,31738275.52
2026-02-19,66932.35,1338103087136.0,1.221845,33257012.51
2026-02-20,67977.31,1359022838574.0,1.241947,29102785.53
2026-02-21,68020.67,1359914969949.0,1.242773,25295185.82
2026-02-22,67550.02,1350540164037.0,1.234286,34619387.34
2026-02-23,64689.91,1293387338339.0,1.183184,29919084.45
2026-02-24,64123.75,1282100773328.0,1.174332,33063809.15
2026-02-25,68038.52,1360406516184.0,1.246123,33168779.56
2026-02-26,67519.26,1350053680285.0,1.236811,29539678.23
2026-02-27,65864.14,1316988256328.0,1.207325,29021384.84
2026-02-28,66965.64,1339043246944.0,1.227561,29925268.28
2026-03-01,65733.52,1314436530955.0,1.205248,30607170.84
2026-03-02,68922.62,1378236536263.0,1.263761,29292115.33
2026-03-03,68431.17,1368437726302.0,1.254891,28655554.13
2026-03-04,72667.46,1453181528720.0,1.33246,29521156.87
2026-03-05,70987.43,1419621513717.0,1.3021,36824727.85
2026-03-06,68226.71,1364443146702.0,1.252787,31128434.34
2026-03-07,67315.55,1346249079546.0,1.236301,27767665.58
2026-03-08,66202.7,1324020725746.0,1.216,27722379.73
2026-03-09,68528.54,1370565923111.0,1.258829,29552932.22
2026-03-10,69891.82,1397861675304.0,1.283892,30140849.04
2026-03-11,70298.58,1406027387800.0,1.292631,30535943.67
2026-03-12,70538.11,1410846656064.0,1.297353,28435674.57
2026-03-13,70930.01,1418712062331.0,1.304541,26820411.27
2026-03-14,71136.22,1422864934640.0,1.308561,28454487.17
2026-03-15,72712.15,1454415017619.0,1.337286,28403182.11
2026-03-16,74723.96,1494685195334.0,1.373665,29189045.92
2026-03-17,74086.01,1481953960272.0,1.362039,29402886.65
2026-03-18,71253.96,1425334864470.0,1.310827,30950937.97
2026-03-19,69948.9,1399258410166.0,1.287323,29291103.9
2026-03-20,70510.42,1410520483673.0,1.297913,29526238.24
2026-03-21,69707.29,1394484296728.0,1.283229,30061266.66
2026-03-22,68018.15,1360727895569.0,1.251662,34434190.2
2026-03-23,70726.21,1414938935054.0,1.301409,35363105.52
2026-03-24,70610.02,1412641989096.0,1.300278,27582038.56
2026-03-25,71281.3,1426105842430.0,1.312919,34081370.32
2026-03-26,68722.97,1374957542916.0,1.266407,35435282.35
2026-03-27,66214.17,1324794804322.0,1.221392,31451731.47
2026-03-28,66351.07,1327569960242.0,1.224282,36078395.69
2026-03-29,65966.75,1319910065565.0,1.217347,29685038.58
2026-03-30,66651.23,1333633950994.0,1.230768,28326773.6
2026-03-31,68214.87,1364949957429.0,1.259462,28991318.92
2026-04-01,68116.82,1363022478624.0,1.2578,34484138.5
2026-04-02,66908.32,1338870647178.0,1.236157,30317831.59
2026-04-03,66891.74,1338566550264.0,1.236095,27592843.67
2026-04-04,67295.13,1346663972185.0,1.243588,25235674.09
2026-04-05,68921.81,1379250124897.0,1.273186,34245522.4
2026-04-06,68742.91,1375697653591.0,1.270094,27497165.32
2026-04-07,72057.12,1442053417557.0,1.330703,31074634.88
2026-04-08,71085.06,1422632685924.0,1.312922,32876839.5
2026-04-09,71788.68,1436746639527.0,1.325829,32304905.9
2026-04-10,72945.07,1459918626571.0,1.346843,28494168.25
2026-04-11,73119.11,1463429926532.0,1.349741,28105157.57
2026-04-12,70685.37,1414754502718.0,1.304967,34238225.95
2026-04-13,74632.75,1493795013095.0,1.377048,34517644.83
2026-04-14,74173.51,1484641267130.0,1.368753,38013923.03
2026-04-15,74761.96,1496448887840.0,1.379626,29203892.44
2026-04-16,75095.74,1503165549783.0,1.385626,35670478.5
2026-04-17,77114.48,1543607893397.0,1.422324,33978568.38
2026-04-18,75792.06,1517173171127.0,1.398005,36238080.48
2026-04-19,73905.2,1479439310994.0,1.363466,36490694.53
2026-04-20,75814.15,1517683423347.0,1.398731,30799496.54
2026-04-21,76107.44,1523586908754.0,1.404039,32107827.64
2026-04-22,78317.74,1567866712950.0,1.445182,32061325.74
2026-04-23,78233.68,1566213501915.0,1.443518,29582111.67
2026-04-24,77444.27,1550445734882.0,1.431305,36059987.88
2026-04-25,77624.71,1554092175350.0,1.434574,33960811.27
2026-04-26,78538.77,1572428798918.0,1.45124,36569616.34
2026-04-27,77256.3,1546785594139.0,1.427497,33316778.15
2026-04-28,76295.53,1527582774591.0,1.409897,33140871.33
2026-04-29,75795.01,1517591460634.0,1.401295,30081144.54
2026-04-30,76299.62,1527728226837.0,1.410909,33381082.06
2026-05-01,78132.64,1564469061455.0,1.444111,38577992.87
2026-05-02,78712.54,1576113892815.0,1.454679,33452828.96
2026-05-03,78649.17,1574882442469.0,1.453213,37358357.31
2026-05-04,79826.11,1598486719022.0,1.473414,37169031.45
2026-05-05,80936.75,1620764931897.0,1.493265,37939103.82
2026-05-06,81364.62,1629368819802.0,1.500729,35851285.74
2026-05-07,79989.0,1601856781311.0,1.475408,35495118.19
2026-05-08,80179.69,1605712436185.0,1.478807,36832546.15
2026-05-09,80663.63,1615447075022.0,1.487556,43104627.1
2026-05-10,82256.78,1647391609832.0,1.516576,38557866.16
2026-05-11,81714.74,1636578096185.0,1.50628,42134163.87
2026-05-12,80525.56,1612795007980.0,1.484343,33720079.52
2026-05-13,79291.91,1588121422921.0,1.461698,34442423.84
2026-05-14,81175.83,1625892297142.0,1.496292,38304843.42
2026-05-15,79063.41,1583618048524.0,1.457648,35825609.73
2026-05-16,78164.5,1565649830508.0,1.441121,36883871.21
2026-05-17,77497.7,1552327640771.0,1.428879,33905242.49
2026-05-18,76975.91,1541909617520.0,1.419569,33676961.15
2026-05-19,76807.46,1538569462749.0,1.417037,34083310.8
2026-05-20,77408.17,1550639385412.0,1.428247,36768881.8
2026-05-21,77595.39,1554420448473.0,1.43184,30795668.89
2026-05-22,75567.54,1513834758643.0,1.395198,36839177.23
2026-05-23,76619.87,1534955087416.0,1.414565,39267681.64
